Gene,Position
Rv0005,6579
Rv0005,6620
Rv0005,6734
Rv0005,6735
Rv0005,6741
Rv0005,6742
Rv0005,6747
Rv0005,6750
Rv0006,7563
Rv0006,7564
Rv0006,7566
Rv0006,7567
Rv0006,7568
Rv0006,7570
Rv0006,7571
Rv0006,7572
Rv0006,7581
Rv0006,7582
Rv0407,490783
Rv0407,490784
Rv0407,490785
Rv0407,490786
Rv0407,490789
Rv0407,490792
Rv0407,490795
Rv0407,490798
Rv0407,490801
Rv0407,490806
Rv0407,490807
Rv0407,490810
Rv0407,490814
Rv0407,490816
Rv0407,490819
Rv0407,490822
Rv0407,490828
Rv0407,490831
Rv0407,490834
Rv0407,490837
Rv0407,490840
Rv0407,490843
Rv0407,490846
Rv0407,490849
Rv0407,490852
Rv0407,490855
Rv0407,490858
Rv0407,490861
Rv0407,490864
Rv0407,490867
Rv0407,490870
Rv0407,490873
Rv0407,490876
Rv0407,490879
Rv0407,490882
Rv0407,490885
Rv0407,490888
Rv0407,490891
Rv0407,490894
Rv0407,490897
Rv0407,490900
Rv0407,490906
Rv0407,490909
Rv0407,490913
Rv0407,490914
Rv0407,490915
Rv0407,490918
Rv0407,490921
Rv0407,490924
Rv0407,490927
Rv0407,490930
Rv0407,490933
Rv0407,490936
Rv0407,490943
Rv0407,490945
Rv0407,490952
Rv0407,490953
Rv0407,490954
Rv0407,490957
Rv0407,490960
Rv0407,490963
Rv0407,490966
Rv0407,490969
Rv0407,490972
Rv0407,490975
Rv0407,490978
Rv0407,490981
Rv0407,490984
Rv0407,490987
Rv0407,490990
Rv0407,490993
Rv0407,490996
Rv0407,491000
Rv0407,491002
Rv0407,491005
Rv0407,491008
Rv0407,491011
Rv0407,491014
Rv0407,491020
Rv0407,491025
Rv0407,491026
Rv0407,491029
Rv0407,491032
Rv0407,491035
Rv0407,491038
Rv0407,491041
Rv0407,491044
Rv0407,491047
Rv0407,491053
Rv0407,491056
Rv0407,491059
Rv0407,491062
Rv0407,491067
Rv0407,491068
Rv0407,491073
Rv0407,491074
Rv0407,491077
Rv0407,491080
Rv0407,491083
Rv0407,491089
Rv0407,491092
Rv0407,491095
Rv0407,491098
Rv0407,491101
Rv0407,491104
Rv0407,491107
Rv0407,491110
Rv0407,491113
Rv0407,491116
Rv0407,491119
Rv0407,491122
Rv0407,491125
Rv0407,491128
Rv0407,491131
Rv0407,491136
Rv0407,491137
Rv0407,491140
Rv0407,491143
Rv0407,491147
Rv0407,491148
Rv0407,491149
Rv0407,491152
Rv0407,491158
Rv0407,491161
Rv0407,491164
Rv0407,491170
Rv0407,491173
Rv0407,491176
Rv0407,491179
Rv0407,491182
Rv0407,491186
Rv0407,491188
Rv0407,491191
Rv0407,491194
Rv0407,491197
Rv0407,491200
Rv0407,491203
Rv0407,491206
Rv0407,491210
Rv0407,491211
Rv0407,491212
Rv0407,491215
Rv0407,491218
Rv0407,491221
Rv0407,491224
Rv0407,491227
Rv0407,491233
Rv0407,491236
Rv0407,491239
Rv0407,491244
Rv0407,491247
Rv0407,491248
Rv0407,491251
Rv0407,491254
Rv0407,491257
Rv0407,491260
Rv0407,491264
Rv0407,491266
Rv0407,491271
Rv0407,491272
Rv0407,491275
Rv0407,491278
Rv0407,491281
Rv0407,491284
Rv0407,491287
Rv0407,491290
Rv0407,491293
Rv0407,491296
Rv0407,491301
Rv0407,491302
Rv0407,491305
Rv0407,491308
Rv0407,491311
Rv0407,491314
Rv0407,491317
Rv0407,491320
Rv0407,491323
Rv0407,491326
Rv0407,491329
Rv0407,491334
Rv0407,491335
Rv0407,491338
Rv0407,491341
Rv0407,491344
Rv0407,491347
Rv0407,491350
Rv0407,491353
Rv0407,491359
Rv0407,491364
Rv0407,491365
Rv0407,491371
Rv0407,491374
Rv0407,491377
Rv0407,491380
Rv0407,491383
Rv0407,491386
Rv0407,491391
Rv0407,491392
Rv0407,491395
Rv0407,491398
Rv0407,491401
Rv0407,491404
Rv0407,491407
Rv0407,491410
Rv0407,491413
Rv0407,491416
Rv0407,491419
Rv0407,491422
Rv0407,491425
Rv0407,491428
Rv0407,491431
Rv0407,491434
Rv0407,491437
Rv0407,491440
Rv0407,491446
Rv0407,491449
Rv0407,491452
Rv0407,491455
Rv0407,491458
Rv0407,491461
Rv0407,491464
Rv0407,491467
Rv0407,491470
Rv0407,491473
Rv0407,491476
Rv0407,491479
Rv0407,491487
Rv0407,491488
Rv0407,491491
Rv0407,491494
Rv0407,491497
Rv0407,491500
Rv0407,491503
Rv0407,491506
Rv0407,491510
Rv0407,491512
Rv0407,491515
Rv0407,491518
Rv0407,491521
Rv0407,491528
Rv0407,491529
Rv0407,491530
Rv0407,491533
Rv0407,491536
Rv0407,491540
Rv0407,491543
Rv0407,491545
Rv0407,491548
Rv0407,491551
Rv0407,491554
Rv0407,491557
Rv0407,491560
Rv0407,491563
Rv0407,491566
Rv0407,491569
Rv0407,491572
Rv0407,491575
Rv0407,491578
Rv0407,491581
Rv0407,491584
Rv0407,491587
Rv0407,491590
Rv0407,491593
Rv0407,491596
Rv0407,491599
Rv0407,491602
Rv0407,491605
Rv0407,491608
Rv0407,491611
Rv0407,491614
Rv0407,491617
Rv0407,491620
Rv0407,491623
Rv0407,491626
Rv0407,491629
Rv0407,491633
Rv0407,491634
Rv0407,491635
Rv0407,491638
Rv0407,491641
Rv0407,491645
Rv0407,491647
Rv0407,491650
Rv0407,491653
Rv0407,491656
Rv0407,491659
Rv0407,491662
Rv0407,491665
Rv0407,491668
Rv0407,491671
Rv0407,491674
Rv0407,491677
Rv0407,491682
Rv0407,491683
Rv0407,491686
Rv0407,491690
Rv0407,491691
Rv0407,491692
Rv0407,491695
Rv0407,491698
Rv0407,491701
Rv0407,491704
Rv0407,491707
Rv0407,491713
Rv0407,491716
Rv0407,491719
Rv0407,491722
Rv0407,491725
Rv0407,491728
Rv0407,491731
Rv0407,491734
Rv0407,491737
Rv0407,491743
Rv0407,491746
Rv0407,491749
Rv0407,491755
Rv0407,491759
Rv0407,491761
Rv0407,491764
Rv0407,491767
Rv0407,491770
Rv0407,491773
Rv0407,491777
Rv0407,491779
Rv0407,491782
Rv0407,491785
Rv0408,491788
Rv0667,760314
Rv0667,761082
Rv0667,761085
Rv0667,761086
Rv0667,761088
Rv0667,761089
Rv0667,761090
Rv0667,761091
Rv0667,761092
Rv0667,761093
Rv0667,761094
Rv0667,761095
Rv0667,761097
Rv0667,761098
Rv0667,761099
Rv0667,761100
Rv0667,761101
Rv0667,761102
Rv0667,761106
Rv0667,761107
Rv0667,761108
Rv0667,761109
Rv0667,761110
Rv0667,761111
Rv0667,761112
Rv0667,761113
Rv0667,761115
Rv0667,761116
Rv0667,761118
Rv0667,761121
Rv0667,761122
Rv0667,761123
Rv0667,761124
Rv0667,761126
Rv0667,761127
Rv0667,761128
Rv0667,761131
Rv0667,761133
Rv0667,761134
Rv0667,761135
Rv0667,761136
Rv0667,761137
Rv0667,761138
Rv0667,761139
Rv0667,761140
Rv0667,761141
Rv0667,761142
Rv0667,761143
Rv0667,761148
Rv0667,761149
Rv0667,761151
Rv0667,761153
Rv0667,761154
Rv0667,761155
Rv0667,761158
Rv0667,761160
Rv0667,761161
Rv0667,761276
Rv0667,761277
Rv0678,778991
Rv0678,778992
Rv0678,778993
Rv0678,778996
Rv0678,778999
Rv0678,779002
Rv0678,779005
Rv0678,779008
Rv0678,779011
Rv0678,779014
Rv0678,779017
Rv0678,779020
Rv0678,779023
Rv0678,779026
Rv0678,779029
Rv0678,779032
Rv0678,779035
Rv0678,779038
Rv0678,779041
Rv0678,779047
Rv0678,779050
Rv0678,779053
Rv0678,779056
Rv0678,779059
Rv0678,779062
Rv0678,779067
Rv0678,779071
Rv0678,779077
Rv0678,779080
Rv0678,779083
Rv0678,779084
Rv0678,779086
Rv0678,779089
Rv0678,779093
Rv0678,779095
Rv0678,779096
Rv0678,779098
Rv0678,779101
Rv0678,779105
Rv0678,779108
Rv0678,779110
Rv0678,779114
Rv0678,779115
Rv0678,779116
Rv0678,779119
Rv0678,779122
Rv0678,779125
Rv0678,779127
Rv0678,779128
Rv0678,779131
Rv0678,779134
Rv0678,779137
Rv0678,779140
Rv0678,779147
Rv0678,779149
Rv0678,779152
Rv0678,779155
Rv0678,779158
Rv0678,779161
Rv0678,779164
Rv0678,779167
Rv0678,779170
Rv0678,779173
Rv0678,779176
Rv0678,779179
Rv0678,779182
Rv0678,779185
Rv0678,779188
Rv0678,779189
Rv0678,779191
Rv0678,779194
Rv0678,779197
Rv0678,779200
Rv0678,779203
Rv0678,779206
Rv0678,779209
Rv0678,779212
Rv0678,779215
Rv0678,779221
Rv0678,779227
Rv0678,779230
Rv0678,779233
Rv0678,779236
Rv0678,779239
Rv0678,779242
Rv0678,779245
Rv0678,779248
Rv0678,779251
Rv0678,779254
Rv0678,779257
Rv0678,779260
Rv0678,779264
Rv0678,779265
Rv0678,779269
Rv0678,779273
Rv0678,779275
Rv0678,779278
Rv0678,779281
Rv0678,779284
Rv0678,779290
Rv0678,779293
Rv0678,779296
Rv0678,779299
Rv0678,779302
Rv0678,779305
Rv0678,779308
Rv0678,779311
Rv0678,779314
Rv0678,779317
Rv0678,779320
Rv0678,779323
Rv0678,779326
Rv0678,779329
Rv0678,779332
Rv0678,779335
Rv0678,779336
Rv0678,779338
Rv0678,779339
Rv0678,779341
Rv0678,779344
Rv0678,779347
Rv0678,779350
Rv0678,779353
Rv0678,779356
Rv0678,779359
Rv0678,779362
Rv0678,779365
Rv0678,779368
Rv0678,779371
Rv0678,779374
Rv0678,779377
Rv0678,779380
Rv0678,779383
Rv0678,779386
Rv0678,779389
Rv0678,779392
Rv0678,779395
Rv0678,779398
Rv0678,779401
Rv0678,779404
Rv0678,779407
Rv0678,779410
Rv0678,779413
Rv0678,779417
Rv0678,779419
Rv0678,779423
Rv0678,779424
Rv0678,779425
Rv0678,779426
Rv0678,779428
Rv0678,779431
Rv0678,779434
Rv0678,779437
Rv0678,779443
Rv0678,779446
Rv0678,779449
Rv0678,779452
Rv0678,779455
Rv0678,779459
Rv0678,779460
Rv0678,779461
Rv0678,779464
Rv0678,779467
Rv0678,779470
Rv0678,779473
Rv0678,779476
Rv0678,779479
Rv0678,779482
Rv0678,779485
Rv0678,779486
Rv0682,781682
Rv0682,781686
Rv0682,781687
Rv0682,781821
Rv0682,781822
Rv0701,801266
Rv0701,801268
Rv1173,1302931
Rv1173,1302932
Rv1173,1302933
Rv1173,1302934
Rv1173,1302937
Rv1173,1302940
Rv1173,1302943
Rv1173,1302946
Rv1173,1302949
Rv1173,1302952
Rv1173,1302958
Rv1173,1302961
Rv1173,1302964
Rv1173,1302967
Rv1173,1302970
Rv1173,1302973
Rv1173,1302976
Rv1173,1302979
Rv1173,1302982
Rv1173,1302985
Rv1173,1302988
Rv1173,1302991
Rv1173,1302994
Rv1173,1302997
Rv1173,1303001
Rv1173,1303003
Rv1173,1303007
Rv1173,1303009
Rv1173,1303012
Rv1173,1303015
Rv1173,1303018
Rv1173,1303021
Rv1173,1303024
Rv1173,1303027
Rv1173,1303030
Rv1173,1303033
Rv1173,1303036
Rv1173,1303039
Rv1173,1303042
Rv1173,1303045
Rv1173,1303048
Rv1173,1303051
Rv1173,1303054
Rv1173,1303057
Rv1173,1303060
Rv1173,1303063
Rv1173,1303066
Rv1173,1303069
Rv1173,1303072
Rv1173,1303075
Rv1173,1303078
Rv1173,1303081
Rv1173,1303084
Rv1173,1303087
Rv1173,1303090
Rv1173,1303093
Rv1173,1303096
Rv1173,1303099
Rv1173,1303102
Rv1173,1303107
Rv1173,1303108
Rv1173,1303111
Rv1173,1303114
Rv1173,1303117
Rv1173,1303120
Rv1173,1303123
Rv1173,1303126
Rv1173,1303129
Rv1173,1303132
Rv1173,1303135
Rv1173,1303138
Rv1173,1303141
Rv1173,1303145
Rv1173,1303147
Rv1173,1303150
Rv1173,1303153
Rv1173,1303156
Rv1173,1303159
Rv1173,1303162
Rv1173,1303165
Rv1173,1303168
Rv1173,1303171
Rv1173,1303175
Rv1173,1303177
Rv1173,1303180
Rv1173,1303183
Rv1173,1303188
Rv1173,1303190
Rv1173,1303192
Rv1173,1303195
Rv1173,1303198
Rv1173,1303204
Rv1173,1303207
Rv1173,1303210
Rv1173,1303213
Rv1173,1303216
Rv1173,1303220
Rv1173,1303224
Rv1173,1303225
Rv1173,1303228
Rv1173,1303231
Rv1173,1303236
Rv1173,1303237
Rv1173,1303242
Rv1173,1303245
Rv1173,1303246
Rv1173,1303252
Rv1173,1303255
Rv1173,1303258
Rv1173,1303261
Rv1173,1303264
Rv1173,1303267
Rv1173,1303270
Rv1173,1303273
Rv1173,1303276
Rv1173,1303279
Rv1173,1303282
Rv1173,1303288
Rv1173,1303291
Rv1173,1303296
Rv1173,1303297
Rv1173,1303300
Rv1173,1303303
Rv1173,1303306
Rv1173,1303309
Rv1173,1303312
Rv1173,1303315
Rv1173,1303318
Rv1173,1303321
Rv1173,1303324
Rv1173,1303327
Rv1173,1303330
Rv1173,1303333
Rv1173,1303336
Rv1173,1303339
Rv1173,1303345
Rv1173,1303350
Rv1173,1303351
Rv1173,1303354
Rv1173,1303357
Rv1173,1303360
Rv1173,1303366
Rv1173,1303369
Rv1173,1303372
Rv1173,1303375
Rv1173,1303378
Rv1173,1303381
Rv1173,1303384
Rv1173,1303387
Rv1173,1303390
Rv1173,1303394
Rv1173,1303395
Rv1173,1303396
Rv1173,1303399
Rv1173,1303402
Rv1173,1303405
Rv1173,1303408
Rv1173,1303412
Rv1173,1303413
Rv1173,1303414
Rv1173,1303417
Rv1173,1303420
Rv1173,1303423
Rv1173,1303426
Rv1173,1303431
Rv1173,1303432
Rv1173,1303438
Rv1173,1303442
Rv1173,1303449
Rv1173,1303450
Rv1173,1303453
Rv1173,1303456
Rv1173,1303459
Rv1173,1303462
Rv1173,1303465
Rv1173,1303468
Rv1173,1303471
Rv1173,1303474
Rv1173,1303477
Rv1173,1303480
Rv1173,1303483
Rv1173,1303486
Rv1173,1303489
Rv1173,1303493
Rv1173,1303495
Rv1173,1303498
Rv1173,1303501
Rv1173,1303504
Rv1173,1303507
Rv1173,1303510
Rv1173,1303513
Rv1173,1303516
Rv1173,1303519
Rv1173,1303523
Rv1173,1303524
Rv1173,1303526
Rv1173,1303528
Rv1173,1303531
Rv1173,1303535
Rv1173,1303537
Rv1173,1303540
Rv1173,1303543
Rv1173,1303546
Rv1173,1303549
Rv1173,1303552
Rv1173,1303555
Rv1173,1303559
Rv1173,1303561
Rv1173,1303564
Rv1173,1303567
Rv1173,1303570
Rv1173,1303573
Rv1173,1303576
Rv1173,1303579
Rv1173,1303582
Rv1173,1303586
Rv1173,1303588
Rv1173,1303591
Rv1173,1303594
Rv1173,1303600
Rv1173,1303603
Rv1173,1303606
Rv1173,1303609
Rv1173,1303612
Rv1173,1303615
Rv1173,1303618
Rv1173,1303623
Rv1173,1303624
Rv1173,1303627
Rv1173,1303630
Rv1173,1303633
Rv1173,1303636
Rv1173,1303639
Rv1173,1303642
Rv1173,1303645
Rv1173,1303648
Rv1173,1303651
Rv1173,1303654
Rv1173,1303657
Rv1173,1303660
Rv1173,1303663
Rv1173,1303666
Rv1173,1303669
Rv1173,1303672
Rv1173,1303675
Rv1173,1303678
Rv1173,1303682
Rv1173,1303687
Rv1173,1303690
Rv1173,1303696
Rv1173,1303699
Rv1173,1303702
Rv1173,1303705
Rv1173,1303709
Rv1173,1303711
Rv1173,1303714
Rv1173,1303717
Rv1173,1303720
Rv1173,1303723
Rv1173,1303726
Rv1173,1303729
Rv1173,1303735
Rv1173,1303738
Rv1173,1303741
Rv1173,1303744
Rv1173,1303747
Rv1173,1303751
Rv1173,1303753
Rv1173,1303756
Rv1173,1303759
Rv1173,1303762
Rv1173,1303765
Rv1173,1303769
Rv1173,1303771
Rv1173,1303774
Rv1173,1303777
Rv1173,1303783
Rv1173,1303786
Rv1173,1303789
Rv1173,1303792
Rv1173,1303795
Rv1173,1303798
Rv1173,1303801
Rv1173,1303804
Rv1173,1303807
Rv1173,1303810
Rv1173,1303816
Rv1173,1303819
Rv1173,1303822
Rv1173,1303825
Rv1173,1303828
Rv1173,1303831
Rv1173,1303834
Rv1173,1303837
Rv1173,1303840
Rv1173,1303843
Rv1173,1303849
Rv1173,1303852
Rv1173,1303855
Rv1173,1303858
Rv1173,1303861
Rv1173,1303864
Rv1173,1303867
Rv1173,1303872
Rv1173,1303873
Rv1173,1303876
Rv1173,1303879
Rv1173,1303882
Rv1173,1303885
Rv1173,1303888
Rv1173,1303891
Rv1173,1303894
Rv1173,1303897
Rv1173,1303900
Rv1173,1303903
Rv1173,1303906
Rv1173,1303909
Rv1173,1303912
Rv1173,1303915
Rv1173,1303918
Rv1173,1303921
Rv1173,1303924
Rv1173,1303927
Rv1173,1303930
Rv1173,1303933
Rv1173,1303936
Rv1173,1303939
Rv1173,1303942
Rv1173,1303948
Rv1173,1303951
Rv1173,1303954
Rv1173,1303959
Rv1173,1303960
Rv1173,1303963
Rv1173,1303966
Rv1173,1303969
Rv1173,1303972
Rv1173,1303975
Rv1173,1303978
Rv1173,1303981
Rv1173,1303984
Rv1173,1303987
Rv1173,1303991
Rv1173,1303992
Rv1173,1303993
Rv1173,1303996
Rv1173,1303999
Rv1173,1304003
Rv1173,1304005
Rv1173,1304009
Rv1173,1304011
Rv1173,1304014
Rv1173,1304017
Rv1173,1304020
Rv1173,1304023
Rv1173,1304026
Rv1173,1304029
Rv1173,1304032
Rv1173,1304035
Rv1173,1304038
Rv1173,1304042
Rv1173,1304043
Rv1173,1304044
Rv1173,1304047
Rv1173,1304051
Rv1173,1304053
Rv1173,1304056
Rv1173,1304059
Rv1173,1304062
Rv1173,1304065
Rv1173,1304068
Rv1173,1304071
Rv1173,1304074
Rv1173,1304077
Rv1173,1304080
Rv1173,1304083
Rv1173,1304088
Rv1173,1304089
Rv1173,1304092
Rv1173,1304095
Rv1173,1304098
Rv1173,1304101
Rv1173,1304104
Rv1173,1304107
Rv1173,1304110
Rv1173,1304113
Rv1173,1304116
Rv1173,1304119
Rv1173,1304124
Rv1173,1304125
Rv1173,1304128
Rv1173,1304131
Rv1173,1304134
Rv1173,1304137
Rv1173,1304140
Rv1173,1304144
Rv1173,1304145
Rv1173,1304146
Rv1173,1304149
Rv1173,1304152
Rv1173,1304155
Rv1173,1304158
Rv1173,1304161
Rv1173,1304164
Rv1173,1304167
Rv1173,1304170
Rv1173,1304173
Rv1173,1304176
Rv1173,1304179
Rv1173,1304182
Rv1173,1304185
Rv1173,1304188
Rv1173,1304191
Rv1173,1304194
Rv1173,1304197
Rv1173,1304200
Rv1173,1304203
Rv1173,1304206
Rv1173,1304209
Rv1173,1304212
Rv1173,1304215
Rv1173,1304218
Rv1173,1304221
Rv1173,1304224
Rv1173,1304227
Rv1173,1304230
Rv1173,1304234
Rv1173,1304235
Rv1173,1304236
Rv1173,1304239
Rv1173,1304242
Rv1173,1304245
Rv1173,1304248
Rv1173,1304251
Rv1173,1304254
Rv1173,1304261
Rv1173,1304262
Rv1173,1304263
Rv1173,1304266
Rv1173,1304269
Rv1173,1304272
Rv1173,1304275
Rv1173,1304278
Rv1173,1304281
Rv1173,1304284
Rv1173,1304287
Rv1173,1304290
Rv1173,1304293
Rv1173,1304296
Rv1173,1304299
Rv1173,1304302
Rv1173,1304305
Rv1173,1304308
Rv1173,1304311
Rv1173,1304314
Rv1173,1304317
Rv1173,1304320
Rv1173,1304323
Rv1173,1304326
Rv1173,1304329
Rv1173,1304332
Rv1173,1304335
Rv1173,1304341
Rv1173,1304344
Rv1173,1304348
Rv1173,1304349
Rv1173,1304350
Rv1173,1304354
Rv1173,1304356
Rv1173,1304359
Rv1173,1304362
Rv1173,1304365
Rv1173,1304368
Rv1173,1304371
Rv1173,1304374
Rv1173,1304377
Rv1173,1304380
Rv1173,1304383
Rv1173,1304386
Rv1173,1304389
Rv1173,1304392
Rv1173,1304395
Rv1173,1304398
Rv1173,1304401
Rv1173,1304404
Rv1173,1304407
Rv1173,1304410
Rv1173,1304413
Rv1173,1304416
Rv1173,1304419
Rv1173,1304422
Rv1173,1304425
Rv1173,1304428
Rv1173,1304432
Rv1173,1304434
Rv1173,1304437
Rv1173,1304440
Rv1173,1304443
Rv1173,1304446
Rv1173,1304449
Rv1173,1304452
Rv1173,1304457
Rv1173,1304458
Rv1173,1304461
Rv1173,1304464
Rv1173,1304467
Rv1173,1304472
Rv1173,1304473
Rv1173,1304476
Rv1173,1304479
Rv1173,1304482
Rv1173,1304485
Rv1173,1304488
Rv1173,1304491
Rv1173,1304494
Rv1173,1304497
Rv1173,1304500
Rv1173,1304503
Rv1173,1304506
Rv1173,1304509
Rv1173,1304512
Rv1173,1304515
Rv1173,1304518
Rv1173,1304521
Rv1173,1304524
Rv1173,1304527
Rv1173,1304531
Rv1173,1304534
Rv1173,1304536
Rv1173,1304539
Rv1173,1304542
Rv1173,1304545
Rv1173,1304548
Rv1173,1304551
Rv1173,1304554
Rv1173,1304557
Rv1173,1304560
Rv1173,1304563
Rv1173,1304569
Rv1173,1304572
Rv1173,1304575
Rv1173,1304578
Rv1173,1304581
Rv1173,1304584
Rv1173,1304587
Rv1173,1304593
Rv1173,1304596
Rv1173,1304599
Rv1173,1304604
Rv1173,1304607
Rv1173,1304608
Rv1173,1304611
Rv1173,1304616
Rv1173,1304617
Rv1173,1304625
Rv1173,1304626
Rv1173,1304632
Rv1173,1304635
Rv1173,1304638
Rv1173,1304641
Rv1173,1304644
Rv1173,1304647
Rv1173,1304650
Rv1173,1304653
Rv1173,1304656
Rv1173,1304661
Rv1173,1304663
Rv1173,1304665
Rv1173,1304669
Rv1173,1304671
Rv1173,1304674
Rv1173,1304677
Rv1173,1304680
Rv1173,1304683
Rv1173,1304686
Rv1173,1304689
Rv1173,1304692
Rv1173,1304696
Rv1173,1304697
Rv1173,1304698
Rv1173,1304701
Rv1173,1304704
Rv1173,1304707
Rv1173,1304710
Rv1173,1304713
Rv1173,1304716
Rv1173,1304719
Rv1173,1304722
Rv1173,1304725
Rv1173,1304730
Rv1173,1304731
Rv1173,1304734
Rv1173,1304737
Rv1173,1304740
Rv1173,1304743
Rv1173,1304746
Rv1173,1304749
Rv1173,1304752
Rv1173,1304755
Rv1173,1304758
Rv1173,1304761
Rv1173,1304764
Rv1173,1304767
Rv1173,1304772
Rv1173,1304773
Rv1173,1304776
Rv1173,1304779
Rv1173,1304782
Rv1173,1304785
Rv1173,1304788
Rv1173,1304791
Rv1173,1304794
Rv1173,1304797
Rv1173,1304800
Rv1173,1304803
Rv1173,1304806
Rv1173,1304812
Rv1173,1304815
Rv1173,1304818
Rv1173,1304821
Rv1173,1304824
Rv1173,1304833
Rv1173,1304836
Rv1173,1304839
Rv1173,1304842
Rv1173,1304845
Rv1173,1304848
Rv1173,1304851
Rv1173,1304854
Rv1173,1304857
Rv1173,1304860
Rv1173,1304863
Rv1173,1304866
Rv1173,1304869
Rv1173,1304872
Rv1173,1304875
Rv1173,1304878
Rv1173,1304881
Rv1173,1304885
Rv1173,1304886
Rv1173,1304887
Rv1173,1304890
Rv1173,1304893
Rv1173,1304896
Rv1173,1304899
Rv1173,1304902
Rv1173,1304905
Rv1173,1304908
Rv1173,1304911
Rv1173,1304914
Rv1173,1304917
Rv1173,1304920
Rv1173,1304923
Rv1173,1304926
Rv1173,1304929
Rv1173,1304932
Rv1173,1304935
Rv1173,1304938
Rv1173,1304941
Rv1173,1304944
Rv1173,1304947
Rv1173,1304950
Rv1173,1304953
Rv1173,1304956
Rv1173,1304959
Rv1173,1304963
Rv1173,1304964
Rv1173,1304965
Rv1173,1304968
Rv1173,1304971
Rv1173,1304974
Rv1173,1304977
Rv1173,1304980
Rv1173,1304983
Rv1173,1304986
Rv1173,1304989
Rv1173,1304993
Rv1173,1304996
Rv1173,1304999
Rv1173,1305000
Rv1173,1305001
Rv1173,1305004
Rv1173,1305007
Rv1173,1305010
Rv1173,1305013
Rv1173,1305016
Rv1173,1305019
Rv1173,1305022
Rv1173,1305025
Rv1173,1305028
Rv1173,1305031
Rv1173,1305034
Rv1173,1305037
Rv1173,1305041
Rv1173,1305044
Rv1173,1305047
Rv1173,1305049
Rv1173,1305052
Rv1173,1305055
Rv1173,1305060
Rv1173,1305061
Rv1173,1305064
Rv1173,1305067
Rv1173,1305070
Rv1173,1305073
Rv1173,1305076
Rv1173,1305079
Rv1173,1305082
Rv1173,1305086
Rv1173,1305087
Rv1173,1305088
Rv1173,1305091
Rv1173,1305094
Rv1173,1305097
Rv1173,1305100
Rv1173,1305103
Rv1173,1305106
Rv1173,1305109
Rv1173,1305112
Rv1173,1305115
Rv1173,1305118
Rv1173,1305121
Rv1173,1305124
Rv1173,1305127
Rv1173,1305130
Rv1173,1305133
Rv1173,1305139
Rv1173,1305142
Rv1173,1305148
Rv1173,1305151
Rv1173,1305155
Rv1173,1305157
Rv1173,1305163
Rv1173,1305166
Rv1173,1305169
Rv1173,1305172
Rv1173,1305176
Rv1173,1305178
Rv1173,1305182
Rv1173,1305186
Rv1173,1305187
Rv1173,1305190
Rv1173,1305193
Rv1173,1305196
Rv1173,1305199
Rv1173,1305202
Rv1173,1305205
Rv1173,1305208
Rv1173,1305211
Rv1173,1305214
Rv1173,1305217
Rv1173,1305220
Rv1173,1305223
Rv1173,1305226
Rv1173,1305229
Rv1173,1305232
Rv1173,1305235
Rv1173,1305238
Rv1173,1305241
Rv1173,1305245
Rv1173,1305247
Rv1173,1305250
Rv1173,1305253
Rv1173,1305256
Rv1173,1305260
Rv1173,1305262
Rv1173,1305265
Rv1173,1305268
Rv1173,1305271
Rv1173,1305275
Rv1173,1305277
Rv1173,1305280
Rv1173,1305283
Rv1173,1305286
Rv1173,1305289
Rv1173,1305293
Rv1173,1305294
Rv1173,1305295
Rv1173,1305298
Rv1173,1305301
Rv1173,1305304
Rv1173,1305307
Rv1173,1305310
Rv1173,1305313
Rv1173,1305316
Rv1173,1305319
Rv1173,1305322
Rv1173,1305325
Rv1173,1305328
Rv1173,1305331
Rv1173,1305334
Rv1173,1305337
Rv1173,1305340
Rv1173,1305343
Rv1173,1305346
Rv1173,1305349
Rv1173,1305352
Rv1173,1305355
Rv1173,1305358
Rv1173,1305361
Rv1173,1305364
Rv1173,1305367
Rv1173,1305370
Rv1173,1305373
Rv1173,1305376
Rv1173,1305380
Rv1173,1305382
Rv1173,1305385
Rv1173,1305388
Rv1173,1305391
Rv1173,1305397
Rv1173,1305400
Rv1173,1305403
Rv1173,1305407
Rv1173,1305409
Rv1173,1305412
Rv1173,1305415
Rv1173,1305418
Rv1173,1305421
Rv1173,1305424
Rv1173,1305427
Rv1173,1305430
Rv1173,1305433
Rv1173,1305436
Rv1173,1305439
Rv1173,1305442
Rv1173,1305445
Rv1173,1305448
Rv1173,1305451
Rv1173,1305454
Rv1173,1305457
Rv1173,1305460
Rv1173,1305463
Rv1173,1305466
Rv1173,1305469
Rv1173,1305472
Rv1173,1305475
Rv1173,1305478
Rv1173,1305483
Rv1173,1305484
Rv1173,1305487
Rv1173,1305490
Rv1173,1305493
Rv1173,1305496
Rv1173,1305501
Rv1305,1461125
Rv1305,1461127
Rv1305,1461227
Rv1305,1461231
Rv1305,1461242
IG_Rv1315_Rv1316c,1472359
IG_Rv1315_Rv1316c,1472362
IG_Rv1315_Rv1316c,1472723
IG_Rv1315_Rv1316c,1473246
IG_Rv1315_Rv1316c,1473247
IG_Rv1315_Rv1316c,1473329
IG_Rv1315_Rv1316c,1475927
IG_Rv1315_Rv1316c,1475956
IG_Rv1315_Rv1316c,1476346
IG_Rv1315_Rv1316c,1476403
IG_Rv1315_Rv1316c,1476471
IG_Rv1482c_Rv1483,1673423
IG_Rv1482c_Rv1483,1673424
IG_Rv1482c_Rv1483,1673425
IG_Rv1482c_Rv1483,1673432
Rv1483,1674048
Rv1484,1674481
Rv1694,1917940
Rv1694,1917941
Rv1694,1917942
Rv1694,1917943
Rv1694,1917946
Rv1694,1917949
Rv1694,1917952
Rv1694,1917955
Rv1694,1917958
Rv1694,1917961
Rv1694,1917964
Rv1694,1917967
Rv1694,1917970
Rv1694,1917973
Rv1694,1917976
Rv1694,1917979
Rv1694,1917982
Rv1694,1917985
Rv1694,1917988
Rv1694,1917991
Rv1694,1917995
Rv1694,1917997
Rv1694,1918000
Rv1694,1918003
Rv1694,1918006
Rv1694,1918009
Rv1694,1918012
Rv1694,1918016
Rv1694,1918018
Rv1694,1918021
Rv1694,1918024
Rv1694,1918027
Rv1694,1918030
Rv1694,1918033
Rv1694,1918036
Rv1694,1918039
Rv1694,1918042
Rv1694,1918045
Rv1694,1918048
Rv1694,1918051
Rv1694,1918054
Rv1694,1918057
Rv1694,1918060
Rv1694,1918063
Rv1694,1918066
Rv1694,1918069
Rv1694,1918072
Rv1694,1918075
Rv1694,1918081
Rv1694,1918084
Rv1694,1918087
Rv1694,1918090
Rv1694,1918093
Rv1694,1918096
Rv1694,1918099
Rv1694,1918102
Rv1694,1918105
Rv1694,1918108
Rv1694,1918111
Rv1694,1918114
Rv1694,1918117
Rv1694,1918120
Rv1694,1918124
Rv1694,1918125
Rv1694,1918126
Rv1694,1918130
Rv1694,1918132
Rv1694,1918135
Rv1694,1918138
Rv1694,1918141
Rv1694,1918144
Rv1694,1918147
Rv1694,1918150
Rv1694,1918153
Rv1694,1918156
Rv1694,1918159
Rv1694,1918162
Rv1694,1918165
Rv1694,1918171
Rv1694,1918174
Rv1694,1918177
Rv1694,1918180
Rv1694,1918183
Rv1694,1918186
Rv1694,1918189
Rv1694,1918192
Rv1694,1918197
Rv1694,1918198
Rv1694,1918201
Rv1694,1918204
Rv1694,1918207
Rv1694,1918210
Rv1694,1918214
Rv1694,1918216
Rv1694,1918219
Rv1694,1918222
Rv1694,1918228
Rv1694,1918231
Rv1694,1918234
Rv1694,1918237
Rv1694,1918240
Rv1694,1918243
Rv1694,1918246
Rv1694,1918249
Rv1694,1918252
Rv1694,1918255
Rv1694,1918258
Rv1694,1918261
Rv1694,1918264
Rv1694,1918267
Rv1694,1918270
Rv1694,1918273
Rv1694,1918276
Rv1694,1918279
Rv1694,1918284
Rv1694,1918285
Rv1694,1918288
Rv1694,1918291
Rv1694,1918294
Rv1694,1918298
Rv1694,1918299
Rv1694,1918301
Rv1694,1918303
Rv1694,1918306
Rv1694,1918309
Rv1694,1918312
Rv1694,1918315
Rv1694,1918318
Rv1694,1918321
Rv1694,1918324
Rv1694,1918327
Rv1694,1918330
Rv1694,1918333
Rv1694,1918336
Rv1694,1918339
Rv1694,1918342
Rv1694,1918345
Rv1694,1918348
Rv1694,1918351
Rv1694,1918354
Rv1694,1918357
Rv1694,1918360
Rv1694,1918363
Rv1694,1918366
Rv1694,1918369
Rv1694,1918372
Rv1694,1918375
Rv1694,1918378
Rv1694,1918381
Rv1694,1918384
Rv1694,1918387
Rv1694,1918390
Rv1694,1918393
Rv1694,1918396
Rv1694,1918399
Rv1694,1918402
Rv1694,1918406
Rv1694,1918411
Rv1694,1918415
Rv1694,1918418
Rv1694,1918420
Rv1694,1918423
Rv1694,1918426
Rv1694,1918430
Rv1694,1918432
Rv1694,1918435
Rv1694,1918438
Rv1694,1918441
Rv1694,1918444
Rv1694,1918449
Rv1694,1918450
Rv1694,1918454
Rv1694,1918456
Rv1694,1918459
Rv1694,1918462
Rv1694,1918465
Rv1694,1918468
Rv1694,1918471
Rv1694,1918474
Rv1694,1918477
Rv1694,1918480
Rv1694,1918483
Rv1694,1918486
Rv1694,1918489
Rv1694,1918495
Rv1694,1918498
Rv1694,1918501
Rv1694,1918504
Rv1694,1918507
Rv1694,1918510
Rv1694,1918513
Rv1694,1918516
Rv1694,1918519
Rv1694,1918522
Rv1694,1918525
Rv1694,1918528
Rv1694,1918531
Rv1694,1918534
Rv1694,1918537
Rv1694,1918540
Rv1694,1918543
Rv1694,1918547
Rv1694,1918549
Rv1694,1918552
Rv1694,1918555
Rv1694,1918559
Rv1694,1918561
Rv1694,1918564
Rv1694,1918567
Rv1694,1918570
Rv1694,1918573
Rv1694,1918576
Rv1694,1918579
Rv1694,1918582
Rv1694,1918585
Rv1694,1918588
Rv1694,1918591
Rv1694,1918594
Rv1694,1918598
Rv1694,1918599
Rv1694,1918600
Rv1694,1918603
Rv1694,1918606
Rv1694,1918609
Rv1694,1918612
Rv1694,1918615
Rv1694,1918618
Rv1694,1918621
Rv1694,1918624
Rv1694,1918627
Rv1694,1918630
Rv1694,1918633
Rv1694,1918634
Rv1694,1918636
Rv1694,1918640
Rv1694,1918642
Rv1694,1918645
Rv1694,1918647
Rv1694,1918648
Rv1694,1918651
Rv1694,1918656
Rv1694,1918660
Rv1694,1918664
Rv1694,1918665
Rv1694,1918667
Rv1694,1918669
Rv1694,1918672
Rv1694,1918675
Rv1694,1918678
Rv1694,1918681
Rv1694,1918684
Rv1694,1918687
Rv1694,1918691
Rv1694,1918694
Rv1694,1918696
Rv1694,1918699
Rv1694,1918702
Rv1694,1918706
Rv1694,1918708
Rv1694,1918711
Rv1694,1918714
Rv1694,1918717
Rv1694,1918720
Rv1694,1918723
Rv1694,1918726
Rv1694,1918729
Rv1694,1918732
Rv1694,1918735
Rv1694,1918738
Rv1694,1918741
Rv1908c,2153892
Rv1908c,2153895
Rv1908c,2153898
Rv1908c,2153904
Rv1908c,2153907
Rv1908c,2153910
Rv1908c,2153913
Rv1908c,2153916
Rv1908c,2153919
Rv1908c,2153922
Rv1908c,2153924
Rv1908c,2153925
Rv1908c,2153928
Rv1908c,2153929
Rv1908c,2153931
Rv1908c,2153934
Rv1908c,2153937
Rv1908c,2153943
Rv1908c,2153946
Rv1908c,2153948
Rv1908c,2153949
Rv1908c,2153955
Rv1908c,2153957
Rv1908c,2153958
Rv1908c,2153961
Rv1908c,2153963
Rv1908c,2153964
Rv1908c,2153967
Rv1908c,2153970
Rv1908c,2153973
Rv1908c,2153976
Rv1908c,2153979
Rv1908c,2153982
Rv1908c,2153985
Rv1908c,2153987
Rv1908c,2153988
Rv1908c,2153991
Rv1908c,2153994
Rv1908c,2153997
Rv1908c,2154001
Rv1908c,2154003
Rv1908c,2154005
Rv1908c,2154007
Rv1908c,2154009
Rv1908c,2154015
Rv1908c,2154021
Rv1908c,2154024
Rv1908c,2154027
Rv1908c,2154030
Rv1908c,2154033
Rv1908c,2154036
Rv1908c,2154039
Rv1908c,2154042
Rv1908c,2154045
Rv1908c,2154046
Rv1908c,2154048
Rv1908c,2154050
Rv1908c,2154051
Rv1908c,2154054
Rv1908c,2154056
Rv1908c,2154057
Rv1908c,2154060
Rv1908c,2154063
Rv1908c,2154066
Rv1908c,2154069
Rv1908c,2154071
Rv1908c,2154072
Rv1908c,2154075
Rv1908c,2154077
Rv1908c,2154078
Rv1908c,2154081
Rv1908c,2154084
Rv1908c,2154087
Rv1908c,2154090
Rv1908c,2154093
Rv1908c,2154096
Rv1908c,2154099
Rv1908c,2154100
Rv1908c,2154102
Rv1908c,2154105
Rv1908c,2154107
Rv1908c,2154108
Rv1908c,2154109
Rv1908c,2154111
Rv1908c,2154114
Rv1908c,2154117
Rv1908c,2154120
Rv1908c,2154123
Rv1908c,2154126
Rv1908c,2154129
Rv1908c,2154132
Rv1908c,2154135
Rv1908c,2154144
Rv1908c,2154147
Rv1908c,2154150
Rv1908c,2154153
Rv1908c,2154157
Rv1908c,2154159
Rv1908c,2154161
Rv1908c,2154165
Rv1908c,2154168
Rv1908c,2154170
Rv1908c,2154171
Rv1908c,2154177
Rv1908c,2154180
Rv1908c,2154183
Rv1908c,2154186
Rv1908c,2154190
Rv1908c,2154192
Rv1908c,2154195
Rv1908c,2154197
Rv1908c,2154198
Rv1908c,2154201
Rv1908c,2154204
Rv1908c,2154207
Rv1908c,2154210
Rv1908c,2154213
Rv1908c,2154216
Rv1908c,2154219
Rv1908c,2154222
Rv1908c,2154225
Rv1908c,2154228
Rv1908c,2154231
Rv1908c,2154234
Rv1908c,2154237
Rv1908c,2154240
Rv1908c,2154243
Rv1908c,2154245
Rv1908c,2154246
Rv1908c,2154249
Rv1908c,2154252
Rv1908c,2154255
Rv1908c,2154258
Rv1908c,2154261
Rv1908c,2154264
Rv1908c,2154267
Rv1908c,2154270
Rv1908c,2154273
Rv1908c,2154275
Rv1908c,2154276
Rv1908c,2154279
Rv1908c,2154282
Rv1908c,2154285
Rv1908c,2154288
Rv1908c,2154291
Rv1908c,2154293
Rv1908c,2154294
Rv1908c,2154297
Rv1908c,2154301
Rv1908c,2154303
Rv1908c,2154306
Rv1908c,2154309
Rv1908c,2154312
Rv1908c,2154314
Rv1908c,2154315
Rv1908c,2154317
Rv1908c,2154318
Rv1908c,2154321
Rv1908c,2154324
Rv1908c,2154327
Rv1908c,2154329
Rv1908c,2154333
Rv1908c,2154336
Rv1908c,2154339
Rv1908c,2154342
Rv1908c,2154344
Rv1908c,2154345
Rv1908c,2154348
Rv1908c,2154350
Rv1908c,2154351
Rv1908c,2154354
Rv1908c,2154357
Rv1908c,2154366
Rv1908c,2154368
Rv1908c,2154369
Rv1908c,2154372
Rv1908c,2154375
Rv1908c,2154378
Rv1908c,2154380
Rv1908c,2154381
Rv1908c,2154383
Rv1908c,2154384
Rv1908c,2154386
Rv1908c,2154388
Rv1908c,2154390
Rv1908c,2154393
Rv1908c,2154396
Rv1908c,2154399
Rv1908c,2154402
Rv1908c,2154405
Rv1908c,2154408
Rv1908c,2154414
Rv1908c,2154417
Rv1908c,2154420
Rv1908c,2154423
Rv1908c,2154426
Rv1908c,2154429
Rv1908c,2154432
Rv1908c,2154435
Rv1908c,2154438
Rv1908c,2154441
Rv1908c,2154443
Rv1908c,2154444
Rv1908c,2154447
Rv1908c,2154450
Rv1908c,2154452
Rv1908c,2154453
Rv1908c,2154455
Rv1908c,2154456
Rv1908c,2154459
Rv1908c,2154462
Rv1908c,2154465
Rv1908c,2154468
Rv1908c,2154471
Rv1908c,2154474
Rv1908c,2154477
Rv1908c,2154480
Rv1908c,2154483
Rv1908c,2154486
Rv1908c,2154489
Rv1908c,2154498
Rv1908c,2154501
Rv1908c,2154503
Rv1908c,2154504
Rv1908c,2154507
Rv1908c,2154510
Rv1908c,2154513
Rv1908c,2154516
Rv1908c,2154519
Rv1908c,2154525
Rv1908c,2154532
Rv1908c,2154534
Rv1908c,2154536
Rv1908c,2154537
Rv1908c,2154539
Rv1908c,2154540
Rv1908c,2154543
Rv1908c,2154545
Rv1908c,2154546
Rv1908c,2154548
Rv1908c,2154549
Rv1908c,2154552
Rv1908c,2154555
Rv1908c,2154558
Rv1908c,2154561
Rv1908c,2154564
Rv1908c,2154566
Rv1908c,2154567
Rv1908c,2154570
Rv1908c,2154573
Rv1908c,2154576
Rv1908c,2154579
Rv1908c,2154582
Rv1908c,2154585
Rv1908c,2154588
Rv1908c,2154591
Rv1908c,2154594
Rv1908c,2154596
Rv1908c,2154597
Rv1908c,2154598
Rv1908c,2154600
Rv1908c,2154603
Rv1908c,2154606
Rv1908c,2154608
Rv1908c,2154609
Rv1908c,2154612
Rv1908c,2154614
Rv1908c,2154615
Rv1908c,2154618
Rv1908c,2154621
Rv1908c,2154624
Rv1908c,2154627
Rv1908c,2154630
Rv1908c,2154633
Rv1908c,2154636
Rv1908c,2154639
Rv1908c,2154642
Rv1908c,2154645
Rv1908c,2154648
Rv1908c,2154650
Rv1908c,2154651
Rv1908c,2154654
Rv1908c,2154657
Rv1908c,2154660
Rv1908c,2154667
Rv1908c,2154670
Rv1908c,2154672
Rv1908c,2154675
Rv1908c,2154678
Rv1908c,2154681
Rv1908c,2154682
Rv1908c,2154684
Rv1908c,2154687
Rv1908c,2154691
Rv1908c,2154693
Rv1908c,2154696
Rv1908c,2154699
Rv1908c,2154701
Rv1908c,2154703
Rv1908c,2154705
Rv1908c,2154708
Rv1908c,2154712
Rv1908c,2154714
Rv1908c,2154716
Rv1908c,2154718
Rv1908c,2154720
Rv1908c,2154723
Rv1908c,2154726
Rv1908c,2154729
Rv1908c,2154731
Rv1908c,2154732
Rv1908c,2154735
Rv1908c,2154737
Rv1908c,2154738
Rv1908c,2154741
Rv1908c,2154744
Rv1908c,2154747
Rv1908c,2154750
Rv1908c,2154752
Rv1908c,2154753
Rv1908c,2154756
Rv1908c,2154758
Rv1908c,2154759
Rv1908c,2154762
Rv1908c,2154765
Rv1908c,2154768
Rv1908c,2154771
Rv1908c,2154774
Rv1908c,2154777
Rv1908c,2154780
Rv1908c,2154783
Rv1908c,2154786
Rv1908c,2154789
Rv1908c,2154792
Rv1908c,2154795
Rv1908c,2154797
Rv1908c,2154798
Rv1908c,2154799
Rv1908c,2154801
Rv1908c,2154804
Rv1908c,2154807
Rv1908c,2154810
Rv1908c,2154812
Rv1908c,2154813
Rv1908c,2154815
Rv1908c,2154816
Rv1908c,2154819
Rv1908c,2154822
Rv1908c,2154825
Rv1908c,2154828
Rv1908c,2154831
Rv1908c,2154834
Rv1908c,2154837
Rv1908c,2154839
Rv1908c,2154840
Rv1908c,2154843
Rv1908c,2154846
Rv1908c,2154849
Rv1908c,2154852
Rv1908c,2154855
Rv1908c,2154858
Rv1908c,2154860
Rv1908c,2154861
Rv1908c,2154864
Rv1908c,2154867
Rv1908c,2154870
Rv1908c,2154872
Rv1908c,2154873
Rv1908c,2154876
Rv1908c,2154877
Rv1908c,2154879
Rv1908c,2154882
Rv1908c,2154884
Rv1908c,2154885
Rv1908c,2154891
Rv1908c,2154893
Rv1908c,2154894
Rv1908c,2154897
Rv1908c,2154901
Rv1908c,2154903
Rv1908c,2154905
Rv1908c,2154906
Rv1908c,2154908
Rv1908c,2154909
Rv1908c,2154912
Rv1908c,2154915
Rv1908c,2154917
Rv1908c,2154918
Rv1908c,2154921
Rv1908c,2154922
Rv1908c,2154924
Rv1908c,2154927
Rv1908c,2154930
Rv1908c,2154933
Rv1908c,2154936
Rv1908c,2154939
Rv1908c,2154941
Rv1908c,2154942
Rv1908c,2154945
Rv1908c,2154948
Rv1908c,2154951
Rv1908c,2154954
Rv1908c,2154957
Rv1908c,2154960
Rv1908c,2154964
Rv1908c,2154966
Rv1908c,2154969
Rv1908c,2154972
Rv1908c,2154975
Rv1908c,2154978
Rv1908c,2154981
Rv1908c,2154984
Rv1908c,2154987
Rv1908c,2154993
Rv1908c,2154996
Rv1908c,2154999
Rv1908c,2155002
Rv1908c,2155005
Rv1908c,2155011
Rv1908c,2155014
Rv1908c,2155017
Rv1908c,2155020
Rv1908c,2155023
Rv1908c,2155026
Rv1908c,2155029
Rv1908c,2155032
Rv1908c,2155035
Rv1908c,2155038
Rv1908c,2155041
Rv1908c,2155044
Rv1908c,2155046
Rv1908c,2155047
Rv1908c,2155050
Rv1908c,2155053
Rv1908c,2155056
Rv1908c,2155057
Rv1908c,2155058
Rv1908c,2155059
Rv1908c,2155060
Rv1908c,2155062
Rv1908c,2155065
Rv1908c,2155068
Rv1908c,2155071
Rv1908c,2155074
Rv1908c,2155077
Rv1908c,2155079
Rv1908c,2155080
Rv1908c,2155083
Rv1908c,2155086
Rv1908c,2155088
Rv1908c,2155089
Rv1908c,2155090
Rv1908c,2155092
Rv1908c,2155094
Rv1908c,2155095
Rv1908c,2155098
Rv1908c,2155101
Rv1908c,2155104
Rv1908c,2155107
Rv1908c,2155110
Rv1908c,2155112
Rv1908c,2155113
Rv1908c,2155119
Rv1908c,2155122
Rv1908c,2155125
Rv1908c,2155128
Rv1908c,2155129
Rv1908c,2155131
Rv1908c,2155133
Rv1908c,2155134
Rv1908c,2155137
Rv1908c,2155140
Rv1908c,2155143
Rv1908c,2155146
Rv1908c,2155149
Rv1908c,2155150
Rv1908c,2155152
Rv1908c,2155155
Rv1908c,2155158
Rv1908c,2155160
Rv1908c,2155161
Rv1908c,2155164
Rv1908c,2155167
Rv1908c,2155168
Rv1908c,2155169
Rv1908c,2155170
Rv1908c,2155173
Rv1908c,2155176
Rv1908c,2155179
Rv1908c,2155182
Rv1908c,2155184
Rv1908c,2155185
Rv1908c,2155188
Rv1908c,2155191
Rv1908c,2155193
Rv1908c,2155194
Rv1908c,2155197
Rv1908c,2155200
Rv1908c,2155204
Rv1908c,2155206
Rv1908c,2155209
Rv1908c,2155211
Rv1908c,2155212
Rv1908c,2155213
Rv1908c,2155215
Rv1908c,2155219
Rv1908c,2155221
Rv1908c,2155224
Rv1908c,2155227
Rv1908c,2155229
Rv1908c,2155230
Rv1908c,2155232
Rv1908c,2155233
Rv1908c,2155236
Rv1908c,2155239
Rv1908c,2155242
Rv1908c,2155245
Rv1908c,2155247
Rv1908c,2155248
Rv1908c,2155251
Rv1908c,2155253
Rv1908c,2155254
Rv1908c,2155257
Rv1908c,2155260
Rv1908c,2155263
Rv1908c,2155266
Rv1908c,2155269
Rv1908c,2155272
Rv1908c,2155275
Rv1908c,2155278
Rv1908c,2155281
Rv1908c,2155284
Rv1908c,2155287
Rv1908c,2155290
Rv1908c,2155292
Rv1908c,2155293
Rv1908c,2155299
Rv1908c,2155302
Rv1908c,2155305
Rv1908c,2155308
Rv1908c,2155311
Rv1908c,2155314
Rv1908c,2155317
Rv1908c,2155320
Rv1908c,2155323
Rv1908c,2155326
Rv1908c,2155329
Rv1908c,2155331
Rv1908c,2155332
Rv1908c,2155335
Rv1908c,2155338
Rv1908c,2155341
Rv1908c,2155344
Rv1908c,2155347
Rv1908c,2155350
Rv1908c,2155353
Rv1908c,2155359
Rv1908c,2155362
Rv1908c,2155364
Rv1908c,2155365
Rv1908c,2155368
Rv1908c,2155371
Rv1908c,2155374
Rv1908c,2155377
Rv1908c,2155380
Rv1908c,2155383
Rv1908c,2155386
Rv1908c,2155389
Rv1908c,2155392
Rv1908c,2155395
Rv1908c,2155398
Rv1908c,2155401
Rv1908c,2155404
Rv1908c,2155407
Rv1908c,2155410
Rv1908c,2155413
Rv1908c,2155415
Rv1908c,2155416
Rv1908c,2155419
Rv1908c,2155422
Rv1908c,2155425
Rv1908c,2155428
Rv1908c,2155431
Rv1908c,2155434
Rv1908c,2155437
Rv1908c,2155440
Rv1908c,2155442
Rv1908c,2155443
Rv1908c,2155446
Rv1908c,2155449
Rv1908c,2155452
Rv1908c,2155455
Rv1908c,2155458
Rv1908c,2155461
Rv1908c,2155463
Rv1908c,2155464
Rv1908c,2155467
Rv1908c,2155470
Rv1908c,2155473
Rv1908c,2155475
Rv1908c,2155476
Rv1908c,2155479
Rv1908c,2155482
Rv1908c,2155485
Rv1908c,2155488
Rv1908c,2155490
Rv1908c,2155491
Rv1908c,2155494
Rv1908c,2155497
Rv1908c,2155500
Rv1908c,2155501
Rv1908c,2155503
Rv1908c,2155506
Rv1908c,2155509
Rv1908c,2155511
Rv1908c,2155512
Rv1908c,2155514
Rv1908c,2155515
Rv1908c,2155518
Rv1908c,2155519
Rv1908c,2155521
Rv1908c,2155524
Rv1908c,2155527
Rv1908c,2155529
Rv1908c,2155530
Rv1908c,2155533
Rv1908c,2155536
Rv1908c,2155538
Rv1908c,2155539
Rv1908c,2155540
Rv1908c,2155542
Rv1908c,2155544
Rv1908c,2155545
Rv1908c,2155548
Rv1908c,2155551
Rv1908c,2155554
Rv1908c,2155560
Rv1908c,2155566
Rv1908c,2155572
Rv1908c,2155575
Rv1908c,2155577
Rv1908c,2155581
Rv1908c,2155584
Rv1908c,2155587
Rv1908c,2155588
Rv1908c,2155590
Rv1908c,2155592
Rv1908c,2155593
Rv1908c,2155596
Rv1908c,2155599
Rv1908c,2155602
Rv1908c,2155605
Rv1908c,2155608
Rv1908c,2155614
Rv1908c,2155617
Rv1908c,2155620
Rv1908c,2155623
Rv1908c,2155626
Rv1908c,2155629
Rv1908c,2155630
Rv1908c,2155633
Rv1908c,2155635
Rv1908c,2155638
Rv1908c,2155640
Rv1908c,2155641
Rv1908c,2155643
Rv1908c,2155644
Rv1908c,2155647
Rv1908c,2155650
Rv1908c,2155652
Rv1908c,2155653
Rv1908c,2155655
Rv1908c,2155656
Rv1908c,2155658
Rv1908c,2155659
Rv1908c,2155662
Rv1908c,2155665
Rv1908c,2155666
Rv1908c,2155668
Rv1908c,2155671
Rv1908c,2155674
Rv1908c,2155677
Rv1908c,2155680
Rv1908c,2155683
Rv1908c,2155685
Rv1908c,2155686
Rv1908c,2155690
Rv1908c,2155692
Rv1908c,2155695
Rv1908c,2155698
Rv1908c,2155701
Rv1908c,2155704
Rv1908c,2155707
Rv1908c,2155708
Rv1908c,2155710
Rv1908c,2155713
Rv1908c,2155716
Rv1908c,2155719
Rv1908c,2155722
Rv1908c,2155728
Rv1908c,2155731
Rv1908c,2155733
Rv1908c,2155734
Rv1908c,2155737
Rv1908c,2155740
Rv1908c,2155743
Rv1908c,2155746
Rv1908c,2155749
Rv1908c,2155752
Rv1908c,2155755
Rv1908c,2155758
Rv1908c,2155761
Rv1908c,2155764
Rv1908c,2155767
Rv1908c,2155770
Rv1908c,2155773
Rv1908c,2155776
Rv1908c,2155779
Rv1908c,2155782
Rv1908c,2155785
Rv1908c,2155788
Rv1908c,2155791
Rv1908c,2155792
Rv1908c,2155794
Rv1908c,2155797
Rv1908c,2155800
Rv1908c,2155803
Rv1908c,2155809
Rv1908c,2155812
Rv1908c,2155815
Rv1908c,2155818
Rv1908c,2155821
Rv1908c,2155824
Rv1908c,2155827
Rv1908c,2155830
Rv1908c,2155833
Rv1908c,2155836
Rv1908c,2155839
Rv1908c,2155840
Rv1908c,2155842
Rv1908c,2155843
Rv1908c,2155845
Rv1908c,2155848
Rv1908c,2155850
Rv1908c,2155852
Rv1908c,2155854
Rv1908c,2155857
Rv1908c,2155860
Rv1908c,2155863
Rv1908c,2155866
Rv1908c,2155868
Rv1908c,2155869
Rv1908c,2155871
Rv1908c,2155872
Rv1908c,2155875
Rv1908c,2155878
Rv1908c,2155881
Rv1908c,2155884
Rv1908c,2155887
Rv1908c,2155890
Rv1908c,2155893
Rv1908c,2155896
Rv1908c,2155899
Rv1908c,2155902
Rv1908c,2155905
Rv1908c,2155908
Rv1908c,2155911
Rv1908c,2155913
Rv1908c,2155914
Rv1908c,2155917
Rv1908c,2155920
Rv1908c,2155923
Rv1908c,2155929
Rv1908c,2155932
Rv1908c,2155935
Rv1908c,2155938
Rv1908c,2155941
Rv1908c,2155944
Rv1908c,2155947
Rv1908c,2155950
Rv1908c,2155953
Rv1908c,2155956
Rv1908c,2155959
Rv1908c,2155962
Rv1908c,2155964
Rv1908c,2155965
Rv1908c,2155968
Rv1908c,2155971
Rv1908c,2155974
Rv1908c,2155976
Rv1908c,2155977
Rv1908c,2155980
Rv1908c,2155983
Rv1908c,2155986
Rv1908c,2155989
Rv1908c,2155992
Rv1908c,2155995
Rv1908c,2155996
Rv1908c,2155998
Rv1908c,2155999
Rv1908c,2156001
Rv1908c,2156004
Rv1908c,2156006
Rv1908c,2156007
Rv1908c,2156010
Rv1908c,2156012
Rv1908c,2156013
Rv1908c,2156016
Rv1908c,2156019
Rv1908c,2156021
Rv1908c,2156022
Rv1908c,2156025
Rv1908c,2156028
Rv1908c,2156031
Rv1908c,2156033
Rv1908c,2156034
Rv1908c,2156037
Rv1908c,2156040
Rv1908c,2156043
Rv1908c,2156046
Rv1908c,2156049
Rv1908c,2156052
Rv1908c,2156055
Rv1908c,2156058
Rv1908c,2156061
Rv1908c,2156064
Rv1908c,2156067
Rv1908c,2156070
Rv1908c,2156072
Rv1908c,2156073
Rv1908c,2156076
Rv1908c,2156079
Rv1908c,2156082
Rv1908c,2156084
Rv1908c,2156085
Rv1908c,2156088
Rv1908c,2156091
Rv1908c,2156094
Rv1908c,2156097
Rv1908c,2156100
Rv1908c,2156102
Rv1908c,2156103
Rv1908c,2156105
Rv1908c,2156106
Rv1908c,2156109
Rv1908c,2156110
Rv2042c,2288681
Rv2043c,2288683
Rv2043c,2288687
Rv2043c,2288690
Rv2043c,2288693
Rv2043c,2288696
Rv2043c,2288697
Rv2043c,2288699
Rv2043c,2288701
Rv2043c,2288702
Rv2043c,2288703
Rv2043c,2288704
Rv2043c,2288705
Rv2043c,2288708
Rv2043c,2288711
Rv2043c,2288713
Rv2043c,2288714
Rv2043c,2288717
Rv2043c,2288718
Rv2043c,2288719
Rv2043c,2288720
Rv2043c,2288722
Rv2043c,2288723
Rv2043c,2288725
Rv2043c,2288726
Rv2043c,2288727
Rv2043c,2288729
Rv2043c,2288730
Rv2043c,2288731
Rv2043c,2288732
Rv2043c,2288735
Rv2043c,2288738
Rv2043c,2288740
Rv2043c,2288741
Rv2043c,2288744
Rv2043c,2288747
Rv2043c,2288750
Rv2043c,2288751
Rv2043c,2288752
Rv2043c,2288753
Rv2043c,2288754
Rv2043c,2288756
Rv2043c,2288757
Rv2043c,2288759
Rv2043c,2288762
Rv2043c,2288763
Rv2043c,2288764
Rv2043c,2288765
Rv2043c,2288766
Rv2043c,2288767
Rv2043c,2288768
Rv2043c,2288771
Rv2043c,2288774
Rv2043c,2288777
Rv2043c,2288778
Rv2043c,2288779
Rv2043c,2288780
Rv2043c,2288781
Rv2043c,2288782
Rv2043c,2288783
Rv2043c,2288786
Rv2043c,2288789
Rv2043c,2288790
Rv2043c,2288792
Rv2043c,2288795
Rv2043c,2288798
Rv2043c,2288801
Rv2043c,2288804
Rv2043c,2288805
Rv2043c,2288806
Rv2043c,2288807
Rv2043c,2288810
Rv2043c,2288812
Rv2043c,2288813
Rv2043c,2288814
Rv2043c,2288816
Rv2043c,2288817
Rv2043c,2288818
Rv2043c,2288819
Rv2043c,2288820
Rv2043c,2288821
Rv2043c,2288822
Rv2043c,2288823
Rv2043c,2288825
Rv2043c,2288826
Rv2043c,2288827
Rv2043c,2288828
Rv2043c,2288830
Rv2043c,2288831
Rv2043c,2288832
Rv2043c,2288834
Rv2043c,2288835
Rv2043c,2288837
Rv2043c,2288838
Rv2043c,2288839
Rv2043c,2288840
Rv2043c,2288841
Rv2043c,2288843
Rv2043c,2288844
Rv2043c,2288846
Rv2043c,2288847
Rv2043c,2288848
Rv2043c,2288849
Rv2043c,2288850
Rv2043c,2288851
Rv2043c,2288852
Rv2043c,2288853
Rv2043c,2288854
Rv2043c,2288855
Rv2043c,2288857
Rv2043c,2288858
Rv2043c,2288859
Rv2043c,2288861
Rv2043c,2288863
Rv2043c,2288864
Rv2043c,2288867
Rv2043c,2288868
Rv2043c,2288869
Rv2043c,2288870
Rv2043c,2288873
Rv2043c,2288876
Rv2043c,2288877
Rv2043c,2288878
Rv2043c,2288879
Rv2043c,2288880
Rv2043c,2288882
Rv2043c,2288883
Rv2043c,2288885
Rv2043c,2288886
Rv2043c,2288887
Rv2043c,2288888
Rv2043c,2288891
Rv2043c,2288894
Rv2043c,2288895
Rv2043c,2288897
Rv2043c,2288900
Rv2043c,2288902
Rv2043c,2288903
Rv2043c,2288906
Rv2043c,2288909
Rv2043c,2288911
Rv2043c,2288912
Rv2043c,2288915
Rv2043c,2288918
Rv2043c,2288919
Rv2043c,2288920
Rv2043c,2288921
Rv2043c,2288922
Rv2043c,2288923
Rv2043c,2288924
Rv2043c,2288925
Rv2043c,2288926
Rv2043c,2288927
Rv2043c,2288928
Rv2043c,2288930
Rv2043c,2288931
Rv2043c,2288932
Rv2043c,2288933
Rv2043c,2288934
Rv2043c,2288935
Rv2043c,2288936
Rv2043c,2288938
Rv2043c,2288939
Rv2043c,2288940
Rv2043c,2288941
Rv2043c,2288942
Rv2043c,2288944
Rv2043c,2288945
Rv2043c,2288948
Rv2043c,2288951
Rv2043c,2288952
Rv2043c,2288953
Rv2043c,2288954
Rv2043c,2288955
Rv2043c,2288956
Rv2043c,2288957
Rv2043c,2288959
Rv2043c,2288960
Rv2043c,2288961
Rv2043c,2288962
Rv2043c,2288963
Rv2043c,2288964
Rv2043c,2288965
Rv2043c,2288966
Rv2043c,2288969
Rv2043c,2288971
Rv2043c,2288972
Rv2043c,2288973
Rv2043c,2288975
Rv2043c,2288979
Rv2043c,2288981
Rv2043c,2288984
Rv2043c,2288987
Rv2043c,2288988
Rv2043c,2288990
Rv2043c,2288993
Rv2043c,2288996
Rv2043c,2288997
Rv2043c,2289002
Rv2043c,2289005
Rv2043c,2289008
Rv2043c,2289009
Rv2043c,2289010
Rv2043c,2289011
Rv2043c,2289014
Rv2043c,2289015
Rv2043c,2289016
Rv2043c,2289017
Rv2043c,2289020
Rv2043c,2289023
Rv2043c,2289026
Rv2043c,2289027
Rv2043c,2289028
Rv2043c,2289029
Rv2043c,2289030
Rv2043c,2289031
Rv2043c,2289032
Rv2043c,2289035
Rv2043c,2289036
Rv2043c,2289038
Rv2043c,2289039
Rv2043c,2289040
Rv2043c,2289041
Rv2043c,2289042
Rv2043c,2289043
Rv2043c,2289044
Rv2043c,2289045
Rv2043c,2289046
Rv2043c,2289050
Rv2043c,2289052
Rv2043c,2289053
Rv2043c,2289054
Rv2043c,2289056
Rv2043c,2289057
Rv2043c,2289058
Rv2043c,2289059
Rv2043c,2289061
Rv2043c,2289062
Rv2043c,2289065
Rv2043c,2289067
Rv2043c,2289068
Rv2043c,2289069
Rv2043c,2289070
Rv2043c,2289071
Rv2043c,2289072
Rv2043c,2289073
Rv2043c,2289074
Rv2043c,2289077
Rv2043c,2289080
Rv2043c,2289081
Rv2043c,2289082
Rv2043c,2289083
Rv2043c,2289086
Rv2043c,2289089
Rv2043c,2289090
Rv2043c,2289091
Rv2043c,2289095
Rv2043c,2289096
Rv2043c,2289097
Rv2043c,2289098
Rv2043c,2289099
Rv2043c,2289100
Rv2043c,2289101
Rv2043c,2289103
Rv2043c,2289104
Rv2043c,2289105
Rv2043c,2289107
Rv2043c,2289110
Rv2043c,2289111
Rv2043c,2289113
Rv2043c,2289114
Rv2043c,2289116
Rv2043c,2289119
Rv2043c,2289122
Rv2043c,2289125
Rv2043c,2289128
Rv2043c,2289131
Rv2043c,2289133
Rv2043c,2289134
Rv2043c,2289137
Rv2043c,2289138
Rv2043c,2289140
Rv2043c,2289141
Rv2043c,2289142
Rv2043c,2289143
Rv2043c,2289146
Rv2043c,2289149
Rv2043c,2289150
Rv2043c,2289152
Rv2043c,2289155
Rv2043c,2289158
Rv2043c,2289161
Rv2043c,2289162
Rv2043c,2289164
Rv2043c,2289167
Rv2043c,2289170
Rv2043c,2289171
Rv2043c,2289173
Rv2043c,2289176
Rv2043c,2289179
Rv2043c,2289180
Rv2043c,2289182
Rv2043c,2289185
Rv2043c,2289186
Rv2043c,2289188
Rv2043c,2289189
Rv2043c,2289191
Rv2043c,2289192
Rv2043c,2289194
Rv2043c,2289197
Rv2043c,2289199
Rv2043c,2289200
Rv2043c,2289202
Rv2043c,2289203
Rv2043c,2289204
Rv2043c,2289205
Rv2043c,2289206
Rv2043c,2289207
Rv2043c,2289208
Rv2043c,2289209
Rv2043c,2289211
Rv2043c,2289212
Rv2043c,2289213
Rv2043c,2289214
Rv2043c,2289215
Rv2043c,2289216
Rv2043c,2289218
Rv2043c,2289219
Rv2043c,2289220
Rv2043c,2289221
Rv2043c,2289222
Rv2043c,2289223
Rv2043c,2289224
Rv2043c,2289225
Rv2043c,2289227
Rv2043c,2289228
Rv2043c,2289230
Rv2043c,2289231
Rv2043c,2289232
Rv2043c,2289233
Rv2043c,2289234
Rv2043c,2289236
Rv2043c,2289239
Rv2043c,2289240
IG_Rv2043c_Rv2044c,2289248
IG_Rv2043c_Rv2044c,2289252
IG_Rv2043c_Rv2044c,2289253
IG_Rv2416c_Rv2417c,2715342
IG_Rv2416c_Rv2417c,2715344
IG_Rv2416c_Rv2417c,2715346
IG_Rv2416c_Rv2417c,2715369
Rv2535c,2859300
Rv2535c,2859303
Rv2535c,2859306
Rv2535c,2859309
Rv2535c,2859312
Rv2535c,2859315
Rv2535c,2859317
Rv2535c,2859318
Rv2535c,2859320
Rv2535c,2859321
Rv2535c,2859327
Rv2535c,2859330
Rv2535c,2859334
Rv2535c,2859337
Rv2535c,2859339
Rv2535c,2859341
Rv2535c,2859342
Rv2535c,2859345
Rv2535c,2859348
Rv2535c,2859350
Rv2535c,2859351
Rv2535c,2859354
Rv2535c,2859357
Rv2535c,2859360
Rv2535c,2859362
Rv2535c,2859363
Rv2535c,2859366
Rv2535c,2859369
Rv2535c,2859371
Rv2535c,2859372
Rv2535c,2859375
Rv2535c,2859378
Rv2535c,2859381
Rv2535c,2859384
Rv2535c,2859387
Rv2535c,2859390
Rv2535c,2859394
Rv2535c,2859396
Rv2535c,2859399
Rv2535c,2859402
Rv2535c,2859404
Rv2535c,2859405
Rv2535c,2859408
Rv2535c,2859411
Rv2535c,2859414
Rv2535c,2859417
Rv2535c,2859420
Rv2535c,2859423
Rv2535c,2859426
Rv2535c,2859430
Rv2535c,2859432
Rv2535c,2859435
Rv2535c,2859438
Rv2535c,2859441
Rv2535c,2859444
Rv2535c,2859446
Rv2535c,2859447
Rv2535c,2859450
Rv2535c,2859453
Rv2535c,2859456
Rv2535c,2859462
Rv2535c,2859465
Rv2535c,2859468
Rv2535c,2859471
Rv2535c,2859474
Rv2535c,2859477
Rv2535c,2859480
Rv2535c,2859486
Rv2535c,2859489
Rv2535c,2859492
Rv2535c,2859495
Rv2535c,2859498
Rv2535c,2859501
Rv2535c,2859504
Rv2535c,2859507
Rv2535c,2859509
Rv2535c,2859510
Rv2535c,2859513
Rv2535c,2859516
Rv2535c,2859518
Rv2535c,2859519
Rv2535c,2859522
Rv2535c,2859525
Rv2535c,2859528
Rv2535c,2859531
Rv2535c,2859534
Rv2535c,2859536
Rv2535c,2859537
Rv2535c,2859540
Rv2535c,2859542
Rv2535c,2859543
Rv2535c,2859546
Rv2535c,2859552
Rv2535c,2859555
Rv2535c,2859557
Rv2535c,2859558
Rv2535c,2859561
Rv2535c,2859564
Rv2535c,2859567
Rv2535c,2859570
Rv2535c,2859573
Rv2535c,2859576
Rv2535c,2859579
Rv2535c,2859582
Rv2535c,2859584
Rv2535c,2859585
Rv2535c,2859588
Rv2535c,2859591
Rv2535c,2859594
Rv2535c,2859597
Rv2535c,2859600
Rv2535c,2859603
Rv2535c,2859606
Rv2535c,2859609
Rv2535c,2859612
Rv2535c,2859614
Rv2535c,2859615
Rv2535c,2859618
Rv2535c,2859621
Rv2535c,2859624
Rv2535c,2859628
Rv2535c,2859630
Rv2535c,2859633
Rv2535c,2859635
Rv2535c,2859636
Rv2535c,2859639
Rv2535c,2859642
Rv2535c,2859645
Rv2535c,2859647
Rv2535c,2859648
Rv2535c,2859650
Rv2535c,2859651
Rv2535c,2859654
Rv2535c,2859656
Rv2535c,2859657
Rv2535c,2859660
Rv2535c,2859663
Rv2535c,2859666
Rv2535c,2859668
Rv2535c,2859669
Rv2535c,2859672
Rv2535c,2859675
Rv2535c,2859677
Rv2535c,2859678
Rv2535c,2859681
Rv2535c,2859683
Rv2535c,2859684
Rv2535c,2859685
Rv2535c,2859687
Rv2535c,2859690
Rv2535c,2859693
Rv2535c,2859696
Rv2535c,2859698
Rv2535c,2859699
Rv2535c,2859703
Rv2535c,2859705
Rv2535c,2859711
Rv2535c,2859714
Rv2535c,2859717
Rv2535c,2859720
Rv2535c,2859723
Rv2535c,2859729
Rv2535c,2859732
Rv2535c,2859735
Rv2535c,2859738
Rv2535c,2859741
Rv2535c,2859744
Rv2535c,2859747
Rv2535c,2859750
Rv2535c,2859756
Rv2535c,2859759
Rv2535c,2859762
Rv2535c,2859764
Rv2535c,2859765
Rv2535c,2859771
Rv2535c,2859774
Rv2535c,2859777
Rv2535c,2859780
Rv2535c,2859782
Rv2535c,2859783
Rv2535c,2859786
Rv2535c,2859789
Rv2535c,2859792
Rv2535c,2859795
Rv2535c,2859798
Rv2535c,2859801
Rv2535c,2859804
Rv2535c,2859807
Rv2535c,2859810
Rv2535c,2859813
Rv2535c,2859816
Rv2535c,2859820
Rv2535c,2859822
Rv2535c,2859825
Rv2535c,2859828
Rv2535c,2859831
Rv2535c,2859834
Rv2535c,2859837
Rv2535c,2859840
Rv2535c,2859843
Rv2535c,2859846
Rv2535c,2859848
Rv2535c,2859853
Rv2535c,2859855
Rv2535c,2859858
Rv2535c,2859861
Rv2535c,2859864
Rv2535c,2859867
Rv2535c,2859870
Rv2535c,2859873
Rv2535c,2859876
Rv2535c,2859879
Rv2535c,2859882
Rv2535c,2859885
Rv2535c,2859888
Rv2535c,2859890
Rv2535c,2859891
Rv2535c,2859894
Rv2535c,2859896
Rv2535c,2859897
Rv2535c,2859900
Rv2535c,2859903
Rv2535c,2859906
Rv2535c,2859908
Rv2535c,2859909
Rv2535c,2859912
Rv2535c,2859914
Rv2535c,2859915
Rv2535c,2859918
Rv2535c,2859920
Rv2535c,2859921
Rv2535c,2859924
Rv2535c,2859927
Rv2535c,2859930
Rv2535c,2859933
Rv2535c,2859936
Rv2535c,2859939
Rv2535c,2859942
Rv2535c,2859945
Rv2535c,2859949
Rv2535c,2859951
Rv2535c,2859954
Rv2535c,2859957
Rv2535c,2859960
Rv2535c,2859963
Rv2535c,2859966
Rv2535c,2859969
Rv2535c,2859972
Rv2535c,2859975
Rv2535c,2859977
Rv2535c,2859978
Rv2535c,2859981
Rv2535c,2859984
Rv2535c,2859987
Rv2535c,2859989
Rv2535c,2859990
Rv2535c,2859993
Rv2535c,2859996
Rv2535c,2859999
Rv2535c,2860002
Rv2535c,2860004
Rv2535c,2860005
Rv2535c,2860008
Rv2535c,2860011
Rv2535c,2860014
Rv2535c,2860016
Rv2535c,2860017
Rv2535c,2860020
Rv2535c,2860022
Rv2535c,2860023
Rv2535c,2860026
Rv2535c,2860030
Rv2535c,2860032
Rv2535c,2860034
Rv2535c,2860035
Rv2535c,2860038
Rv2535c,2860041
Rv2535c,2860043
Rv2535c,2860047
Rv2535c,2860050
Rv2535c,2860053
Rv2535c,2860057
Rv2535c,2860059
Rv2535c,2860061
Rv2535c,2860062
Rv2535c,2860065
Rv2535c,2860068
Rv2535c,2860070
Rv2535c,2860071
Rv2535c,2860074
Rv2535c,2860076
Rv2535c,2860077
Rv2535c,2860080
Rv2535c,2860083
Rv2535c,2860086
Rv2535c,2860090
Rv2535c,2860092
Rv2535c,2860095
Rv2535c,2860098
Rv2535c,2860101
Rv2535c,2860104
Rv2535c,2860107
Rv2535c,2860110
Rv2535c,2860113
Rv2535c,2860116
Rv2535c,2860119
Rv2535c,2860122
Rv2535c,2860125
Rv2535c,2860127
Rv2535c,2860131
Rv2535c,2860134
Rv2535c,2860137
Rv2535c,2860139
Rv2535c,2860140
Rv2535c,2860142
Rv2535c,2860143
Rv2535c,2860146
Rv2535c,2860149
Rv2535c,2860152
Rv2535c,2860154
Rv2535c,2860155
Rv2535c,2860158
Rv2535c,2860161
Rv2535c,2860164
Rv2535c,2860167
Rv2535c,2860170
Rv2535c,2860173
Rv2535c,2860176
Rv2535c,2860179
Rv2535c,2860182
Rv2535c,2860185
Rv2535c,2860188
Rv2535c,2860191
Rv2535c,2860193
Rv2535c,2860194
Rv2535c,2860197
Rv2535c,2860200
Rv2535c,2860203
Rv2535c,2860205
Rv2535c,2860206
Rv2535c,2860209
Rv2535c,2860212
Rv2535c,2860215
Rv2535c,2860218
Rv2535c,2860220
Rv2535c,2860222
Rv2535c,2860224
Rv2535c,2860227
Rv2535c,2860230
Rv2535c,2860232
Rv2535c,2860233
Rv2535c,2860236
Rv2535c,2860239
Rv2535c,2860242
Rv2535c,2860245
Rv2535c,2860248
Rv2535c,2860251
Rv2535c,2860254
Rv2535c,2860258
Rv2535c,2860260
Rv2535c,2860263
Rv2535c,2860266
Rv2535c,2860269
Rv2535c,2860272
Rv2535c,2860274
Rv2535c,2860275
Rv2535c,2860278
Rv2535c,2860284
Rv2535c,2860287
Rv2535c,2860291
Rv2535c,2860293
Rv2535c,2860296
Rv2535c,2860299
Rv2535c,2860305
Rv2535c,2860308
Rv2535c,2860314
Rv2535c,2860318
Rv2535c,2860320
Rv2535c,2860323
Rv2535c,2860326
Rv2535c,2860328
Rv2535c,2860329
Rv2535c,2860332
Rv2535c,2860335
Rv2535c,2860338
Rv2535c,2860341
Rv2535c,2860344
Rv2535c,2860347
Rv2535c,2860350
Rv2535c,2860353
Rv2535c,2860356
Rv2535c,2860359
Rv2535c,2860363
Rv2535c,2860365
Rv2535c,2860371
Rv2535c,2860374
Rv2535c,2860377
Rv2535c,2860380
Rv2535c,2860382
Rv2535c,2860383
Rv2535c,2860386
Rv2535c,2860388
Rv2535c,2860389
Rv2535c,2860392
Rv2535c,2860394
Rv2535c,2860395
Rv2535c,2860398
Rv2535c,2860400
Rv2535c,2860401
Rv2535c,2860404
Rv2535c,2860406
Rv2535c,2860410
Rv2535c,2860413
Rv2535c,2860416
Rv2535c,2860417
Rv2983,3339118
Rv2983,3339119
Rv2983,3339121
Rv2983,3339124
Rv2983,3339127
Rv2983,3339130
Rv2983,3339133
Rv2983,3339136
Rv2983,3339139
Rv2983,3339142
Rv2983,3339145
Rv2983,3339148
Rv2983,3339152
Rv2983,3339154
Rv2983,3339157
Rv2983,3339160
Rv2983,3339163
Rv2983,3339166
Rv2983,3339169
Rv2983,3339173
Rv2983,3339175
Rv2983,3339178
Rv2983,3339181
Rv2983,3339184
Rv2983,3339187
Rv2983,3339190
Rv2983,3339193
Rv2983,3339196
Rv2983,3339199
Rv2983,3339202
Rv2983,3339209
Rv2983,3339211
Rv2983,3339214
Rv2983,3339217
Rv2983,3339220
Rv2983,3339223
Rv2983,3339226
Rv2983,3339229
Rv2983,3339232
Rv2983,3339235
Rv2983,3339238
Rv2983,3339241
Rv2983,3339244
Rv2983,3339247
Rv2983,3339250
Rv2983,3339253
Rv2983,3339257
Rv2983,3339259
Rv2983,3339262
Rv2983,3339265
Rv2983,3339268
Rv2983,3339271
Rv2983,3339274
Rv2983,3339277
Rv2983,3339281
Rv2983,3339283
Rv2983,3339286
Rv2983,3339290
Rv2983,3339292
Rv2983,3339295
Rv2983,3339298
Rv2983,3339301
Rv2983,3339304
Rv2983,3339307
Rv2983,3339310
Rv2983,3339313
Rv2983,3339316
Rv2983,3339319
Rv2983,3339322
Rv2983,3339325
Rv2983,3339328
Rv2983,3339331
Rv2983,3339334
Rv2983,3339337
Rv2983,3339340
Rv2983,3339343
Rv2983,3339346
Rv2983,3339349
Rv2983,3339352
Rv2983,3339355
Rv2983,3339358
Rv2983,3339361
Rv2983,3339364
Rv2983,3339367
Rv2983,3339370
Rv2983,3339373
Rv2983,3339376
Rv2983,3339379
Rv2983,3339382
Rv2983,3339385
Rv2983,3339388
Rv2983,3339391
Rv2983,3339394
Rv2983,3339397
Rv2983,3339400
Rv2983,3339403
Rv2983,3339406
Rv2983,3339409
Rv2983,3339412
Rv2983,3339415
Rv2983,3339418
Rv2983,3339421
Rv2983,3339424
Rv2983,3339427
Rv2983,3339430
Rv2983,3339433
Rv2983,3339436
Rv2983,3339442
Rv2983,3339445
Rv2983,3339448
Rv2983,3339451
Rv2983,3339454
Rv2983,3339457
Rv2983,3339460
Rv2983,3339463
Rv2983,3339467
Rv2983,3339469
Rv2983,3339472
Rv2983,3339476
Rv2983,3339478
Rv2983,3339481
Rv2983,3339484
Rv2983,3339487
Rv2983,3339490
Rv2983,3339493
Rv2983,3339496
Rv2983,3339499
Rv2983,3339502
Rv2983,3339506
Rv2983,3339508
Rv2983,3339511
Rv2983,3339514
Rv2983,3339517
Rv2983,3339520
Rv2983,3339523
Rv2983,3339526
Rv2983,3339529
Rv2983,3339535
Rv2983,3339538
Rv2983,3339541
Rv2983,3339544
Rv2983,3339547
Rv2983,3339550
Rv2983,3339553
Rv2983,3339556
Rv2983,3339559
Rv2983,3339562
Rv2983,3339565
Rv2983,3339568
Rv2983,3339573
Rv2983,3339574
Rv2983,3339580
Rv2983,3339583
Rv2983,3339586
Rv2983,3339589
Rv2983,3339592
Rv2983,3339595
Rv2983,3339598
Rv2983,3339604
Rv2983,3339607
Rv2983,3339610
Rv2983,3339614
Rv2983,3339619
Rv2983,3339622
Rv2983,3339625
Rv2983,3339628
Rv2983,3339631
Rv2983,3339635
Rv2983,3339637
Rv2983,3339640
Rv2983,3339643
Rv2983,3339646
Rv2983,3339649
Rv2983,3339652
Rv2983,3339655
Rv2983,3339658
Rv2983,3339662
Rv2983,3339663
Rv2983,3339664
Rv2983,3339667
Rv2983,3339670
Rv2983,3339673
Rv2983,3339678
Rv2983,3339679
Rv2983,3339682
Rv2983,3339685
Rv2983,3339688
Rv2983,3339691
Rv2983,3339694
Rv2983,3339697
Rv2983,3339700
Rv2983,3339703
Rv2983,3339706
Rv2983,3339709
Rv2983,3339712
Rv2983,3339715
Rv2983,3339718
Rv2983,3339721
Rv2983,3339724
Rv2983,3339727
Rv2983,3339730
Rv2983,3339733
Rv2983,3339736
Rv2983,3339739
Rv2983,3339742
Rv2983,3339745
Rv2983,3339748
Rv2983,3339751
Rv2983,3339754
Rv2983,3339757
Rv3261,3640543
Rv3261,3640544
Rv3261,3640545
Rv3261,3640546
Rv3261,3640549
Rv3261,3640552
Rv3261,3640555
Rv3261,3640558
Rv3261,3640561
Rv3261,3640564
Rv3261,3640567
Rv3261,3640570
Rv3261,3640573
Rv3261,3640576
Rv3261,3640579
Rv3261,3640582
Rv3261,3640588
Rv3261,3640591
Rv3261,3640594
Rv3261,3640597
Rv3261,3640600
Rv3261,3640603
Rv3261,3640606
Rv3261,3640609
Rv3261,3640612
Rv3261,3640615
Rv3261,3640618
Rv3261,3640621
Rv3261,3640627
Rv3261,3640630
Rv3261,3640633
Rv3261,3640639
Rv3261,3640642
Rv3261,3640646
Rv3261,3640648
Rv3261,3640651
Rv3261,3640654
Rv3261,3640657
Rv3261,3640660
Rv3261,3640663
Rv3261,3640666
Rv3261,3640669
Rv3261,3640672
Rv3261,3640675
Rv3261,3640678
Rv3261,3640681
Rv3261,3640684
Rv3261,3640687
Rv3261,3640690
Rv3261,3640693
Rv3261,3640697
Rv3261,3640698
Rv3261,3640699
Rv3261,3640702
Rv3261,3640705
Rv3261,3640708
Rv3261,3640711
Rv3261,3640714
Rv3261,3640719
Rv3261,3640720
Rv3261,3640723
Rv3261,3640726
Rv3261,3640729
Rv3261,3640732
Rv3261,3640737
Rv3261,3640738
Rv3261,3640743
Rv3261,3640744
Rv3261,3640747
Rv3261,3640750
Rv3261,3640753
Rv3261,3640756
Rv3261,3640759
Rv3261,3640762
Rv3261,3640765
Rv3261,3640768
Rv3261,3640771
Rv3261,3640774
Rv3261,3640778
Rv3261,3640779
Rv3261,3640780
Rv3261,3640783
Rv3261,3640786
Rv3261,3640789
Rv3261,3640792
Rv3261,3640795
Rv3261,3640799
Rv3261,3640800
Rv3261,3640801
Rv3261,3640804
Rv3261,3640807
Rv3261,3640810
Rv3261,3640813
Rv3261,3640816
Rv3261,3640819
Rv3261,3640822
Rv3261,3640827
Rv3261,3640828
Rv3261,3640831
Rv3261,3640834
Rv3261,3640837
Rv3261,3640840
Rv3261,3640844
Rv3261,3640845
Rv3261,3640849
Rv3261,3640852
Rv3261,3640855
Rv3261,3640858
Rv3261,3640861
Rv3261,3640864
Rv3261,3640867
Rv3261,3640870
Rv3261,3640873
Rv3261,3640876
Rv3261,3640879
Rv3261,3640882
Rv3261,3640885
Rv3261,3640888
Rv3261,3640891
Rv3261,3640894
Rv3261,3640897
Rv3261,3640900
Rv3261,3640903
Rv3261,3640906
Rv3261,3640911
Rv3261,3640912
Rv3261,3640915
Rv3261,3640919
Rv3261,3640921
Rv3261,3640924
Rv3261,3640927
Rv3261,3640930
Rv3261,3640933
Rv3261,3640936
Rv3261,3640941
Rv3261,3640942
Rv3261,3640945
Rv3261,3640949
Rv3261,3640950
Rv3261,3640951
Rv3261,3640954
Rv3261,3640957
Rv3261,3640960
Rv3261,3640963
Rv3261,3640967
Rv3261,3640969
Rv3261,3640972
Rv3261,3640975
Rv3261,3640978
Rv3261,3640981
Rv3261,3640984
Rv3261,3640987
Rv3261,3640992
Rv3261,3640993
Rv3261,3640996
Rv3261,3640999
Rv3261,3641002
Rv3261,3641005
Rv3261,3641008
Rv3261,3641011
Rv3261,3641014
Rv3261,3641017
Rv3261,3641020
Rv3261,3641023
Rv3261,3641026
Rv3261,3641029
Rv3261,3641032
Rv3261,3641035
Rv3261,3641038
Rv3261,3641041
Rv3261,3641044
Rv3261,3641050
Rv3261,3641053
Rv3261,3641057
Rv3261,3641058
Rv3261,3641060
Rv3261,3641061
Rv3261,3641062
Rv3261,3641065
Rv3261,3641070
Rv3261,3641071
Rv3261,3641074
Rv3261,3641077
Rv3261,3641080
Rv3261,3641083
Rv3261,3641086
Rv3261,3641089
Rv3261,3641092
Rv3261,3641098
Rv3261,3641104
Rv3261,3641107
Rv3261,3641110
Rv3261,3641113
Rv3261,3641116
Rv3261,3641122
Rv3261,3641125
Rv3261,3641128
Rv3261,3641131
Rv3261,3641134
Rv3261,3641137
Rv3261,3641140
Rv3261,3641143
Rv3261,3641146
Rv3261,3641149
Rv3261,3641152
Rv3261,3641155
Rv3261,3641158
Rv3261,3641161
Rv3261,3641164
Rv3261,3641167
Rv3261,3641170
Rv3261,3641173
Rv3261,3641176
Rv3261,3641179
Rv3261,3641185
Rv3261,3641188
Rv3261,3641191
Rv3261,3641194
Rv3261,3641197
Rv3261,3641200
Rv3261,3641203
Rv3261,3641206
Rv3261,3641209
Rv3261,3641212
Rv3261,3641215
Rv3261,3641218
Rv3261,3641221
Rv3261,3641224
Rv3261,3641227
Rv3261,3641230
Rv3261,3641233
Rv3261,3641236
Rv3261,3641240
Rv3261,3641242
Rv3261,3641245
Rv3261,3641248
Rv3261,3641251
Rv3261,3641254
Rv3261,3641257
Rv3261,3641260
Rv3261,3641263
Rv3261,3641266
Rv3261,3641271
Rv3261,3641273
Rv3261,3641275
Rv3261,3641278
Rv3261,3641281
Rv3261,3641284
Rv3261,3641287
Rv3261,3641290
Rv3261,3641293
Rv3261,3641297
Rv3261,3641299
Rv3261,3641302
Rv3261,3641305
Rv3261,3641308
Rv3261,3641311
Rv3261,3641314
Rv3261,3641319
Rv3261,3641320
Rv3261,3641324
Rv3261,3641326
Rv3261,3641329
Rv3261,3641332
Rv3261,3641335
Rv3261,3641338
Rv3261,3641344
Rv3261,3641347
Rv3261,3641350
Rv3261,3641353
Rv3261,3641356
Rv3261,3641359
Rv3261,3641362
Rv3261,3641365
Rv3261,3641370
Rv3261,3641371
Rv3261,3641374
Rv3261,3641377
Rv3261,3641382
Rv3261,3641383
Rv3261,3641386
Rv3261,3641389
Rv3261,3641392
Rv3261,3641395
Rv3261,3641398
Rv3261,3641403
Rv3261,3641405
Rv3261,3641406
Rv3261,3641407
Rv3261,3641410
Rv3261,3641413
Rv3261,3641416
Rv3261,3641419
Rv3261,3641422
Rv3261,3641425
Rv3261,3641428
Rv3261,3641431
Rv3261,3641434
Rv3261,3641437
Rv3261,3641440
Rv3261,3641443
Rv3261,3641446
Rv3261,3641449
Rv3261,3641452
Rv3261,3641456
Rv3261,3641458
Rv3261,3641461
Rv3261,3641464
Rv3261,3641467
Rv3261,3641470
Rv3261,3641473
Rv3261,3641476
Rv3261,3641479
Rv3261,3641482
Rv3261,3641485
Rv3261,3641488
Rv3261,3641491
Rv3261,3641494
Rv3261,3641497
Rv3261,3641500
Rv3261,3641503
Rv3261,3641506
Rv3261,3641509
Rv3261,3641514
Rv3261,3641515
Rv3261,3641518
Rv3261,3641521
Rv3261,3641524
Rv3261,3641527
Rv3261,3641530
Rv3261,3641537
Rv3262,3641541
Rv3262,3641544
Rv3262,3641547
Rv3262,3641550
Rv3262,3641553
Rv3262,3641559
Rv3262,3641563
Rv3262,3641565
Rv3262,3641568
Rv3262,3641571
Rv3262,3641574
Rv3262,3641577
Rv3262,3641580
Rv3262,3641583
Rv3262,3641586
Rv3262,3641589
Rv3262,3641592
Rv3262,3641595
Rv3262,3641598
Rv3262,3641604
Rv3262,3641607
Rv3262,3641610
Rv3262,3641613
Rv3262,3641616
Rv3262,3641619
Rv3262,3641622
Rv3262,3641625
Rv3262,3641628
Rv3262,3641631
Rv3262,3641634
Rv3262,3641637
Rv3262,3641640
Rv3262,3641643
Rv3262,3641646
Rv3262,3641650
Rv3262,3641651
Rv3262,3641652
Rv3262,3641655
Rv3262,3641658
Rv3262,3641661
Rv3262,3641664
Rv3262,3641667
Rv3262,3641670
Rv3262,3641673
Rv3262,3641676
Rv3262,3641679
Rv3262,3641682
Rv3262,3641685
Rv3262,3641688
Rv3262,3641691
Rv3262,3641697
Rv3262,3641702
Rv3262,3641703
Rv3262,3641706
Rv3262,3641709
Rv3262,3641712
Rv3262,3641715
Rv3262,3641718
Rv3262,3641721
Rv3262,3641724
Rv3262,3641727
Rv3262,3641730
Rv3262,3641733
Rv3262,3641736
Rv3262,3641739
Rv3262,3641742
Rv3262,3641745
Rv3262,3641748
Rv3262,3641752
Rv3262,3641754
Rv3262,3641757
Rv3262,3641760
Rv3262,3641763
Rv3262,3641766
Rv3262,3641769
Rv3262,3641772
Rv3262,3641775
Rv3262,3641778
Rv3262,3641781
Rv3262,3641784
Rv3262,3641787
Rv3262,3641791
Rv3262,3641793
Rv3262,3641796
Rv3262,3641799
Rv3262,3641802
Rv3262,3641805
Rv3262,3641808
Rv3262,3641812
Rv3262,3641814
Rv3262,3641817
Rv3262,3641820
Rv3262,3641823
Rv3262,3641826
Rv3262,3641829
Rv3262,3641832
Rv3262,3641835
Rv3262,3641838
Rv3262,3641841
Rv3262,3641844
Rv3262,3641847
Rv3262,3641850
Rv3262,3641853
Rv3262,3641856
Rv3262,3641859
Rv3262,3641862
Rv3262,3641868
Rv3262,3641871
Rv3262,3641874
Rv3262,3641877
Rv3262,3641883
Rv3262,3641887
Rv3262,3641889
Rv3262,3641892
Rv3262,3641895
Rv3262,3641898
Rv3262,3641901
Rv3262,3641904
Rv3262,3641907
Rv3262,3641910
Rv3262,3641913
Rv3262,3641916
Rv3262,3641919
Rv3262,3641922
Rv3262,3641925
Rv3262,3641929
Rv3262,3641931
Rv3262,3641934
Rv3262,3641937
Rv3262,3641940
Rv3262,3641943
Rv3262,3641946
Rv3262,3641949
Rv3262,3641952
Rv3262,3641955
Rv3262,3641958
Rv3262,3641961
Rv3262,3641964
Rv3262,3641967
Rv3262,3641970
Rv3262,3641973
Rv3262,3641976
Rv3262,3641979
Rv3262,3641982
Rv3262,3641985
Rv3262,3641988
Rv3262,3641991
Rv3262,3641994
Rv3262,3641997
Rv3262,3642001
Rv3262,3642002
Rv3262,3642003
Rv3262,3642006
Rv3262,3642009
Rv3262,3642012
Rv3262,3642015
Rv3262,3642018
Rv3262,3642021
Rv3262,3642024
Rv3262,3642027
Rv3262,3642030
Rv3262,3642033
Rv3262,3642036
Rv3262,3642039
Rv3262,3642042
Rv3262,3642045
Rv3262,3642048
Rv3262,3642051
Rv3262,3642054
Rv3262,3642057
Rv3262,3642062
Rv3262,3642063
Rv3262,3642066
Rv3262,3642069
Rv3262,3642072
Rv3262,3642075
Rv3262,3642078
Rv3262,3642083
Rv3262,3642084
Rv3262,3642087
Rv3262,3642090
Rv3262,3642094
Rv3262,3642096
Rv3262,3642099
Rv3262,3642102
Rv3262,3642105
Rv3262,3642108
Rv3262,3642111
Rv3262,3642114
Rv3262,3642117
Rv3262,3642120
Rv3262,3642123
Rv3262,3642126
Rv3262,3642129
Rv3262,3642132
Rv3262,3642135
Rv3262,3642138
Rv3262,3642141
Rv3262,3642145
Rv3262,3642147
Rv3262,3642150
Rv3262,3642153
Rv3262,3642156
Rv3262,3642159
Rv3262,3642162
Rv3262,3642165
Rv3262,3642168
Rv3262,3642171
Rv3262,3642174
Rv3262,3642177
Rv3262,3642180
Rv3262,3642183
Rv3262,3642186
Rv3262,3642189
Rv3262,3642195
Rv3262,3642198
Rv3262,3642204
Rv3262,3642207
Rv3262,3642210
Rv3262,3642214
Rv3262,3642216
Rv3262,3642219
Rv3262,3642222
Rv3262,3642225
Rv3262,3642228
Rv3262,3642231
Rv3262,3642234
Rv3262,3642237
Rv3262,3642240
Rv3262,3642243
Rv3262,3642246
Rv3262,3642249
Rv3262,3642252
Rv3262,3642259
Rv3262,3642260
Rv3262,3642261
Rv3262,3642264
Rv3262,3642267
Rv3262,3642270
Rv3262,3642273
Rv3262,3642276
Rv3262,3642279
Rv3262,3642282
Rv3262,3642285
Rv3262,3642288
Rv3262,3642291
Rv3262,3642294
Rv3262,3642297
Rv3262,3642300
Rv3262,3642303
Rv3262,3642306
Rv3262,3642310
Rv3262,3642312
Rv3262,3642315
Rv3262,3642321
Rv3262,3642324
Rv3262,3642327
Rv3262,3642333
Rv3262,3642336
Rv3262,3642339
Rv3262,3642342
Rv3262,3642345
Rv3262,3642348
Rv3262,3642351
Rv3262,3642354
Rv3262,3642357
Rv3262,3642360
Rv3262,3642363
Rv3262,3642366
Rv3262,3642369
Rv3262,3642372
Rv3262,3642375
Rv3262,3642378
Rv3262,3642381
Rv3262,3642384
Rv3262,3642387
Rv3262,3642390
Rv3262,3642393
Rv3262,3642396
Rv3262,3642399
Rv3262,3642402
Rv3262,3642405
Rv3262,3642408
Rv3262,3642411
Rv3262,3642414
Rv3262,3642417
Rv3262,3642420
Rv3262,3642426
Rv3262,3642430
Rv3262,3642431
Rv3262,3642432
Rv3262,3642435
Rv3262,3642438
Rv3262,3642441
Rv3262,3642444
Rv3262,3642447
Rv3262,3642450
Rv3262,3642453
Rv3262,3642456
Rv3262,3642459
Rv3262,3642462
Rv3262,3642465
Rv3262,3642468
Rv3262,3642471
Rv3262,3642474
Rv3262,3642477
Rv3262,3642480
Rv3262,3642484
Rv3262,3642485
Rv3262,3642486
Rv3262,3642492
Rv3262,3642495
Rv3262,3642498
Rv3262,3642501
Rv3262,3642504
Rv3262,3642507
Rv3262,3642511
Rv3262,3642513
Rv3262,3642516
Rv3262,3642519
Rv3262,3642522
Rv3262,3642525
Rv3262,3642528
Rv3262,3642531
Rv3262,3642534
Rv3262,3642537
Rv3262,3642540
Rv3262,3642543
Rv3262,3642546
Rv3262,3642549
Rv3262,3642552
Rv3262,3642555
Rv3262,3642560
Rv3262,3642561
Rv3262,3642564
Rv3262,3642567
Rv3262,3642570
Rv3262,3642573
Rv3262,3642576
Rv3262,3642579
Rv3262,3642582
Rv3262,3642585
Rv3262,3642588
Rv3262,3642591
Rv3262,3642594
Rv3262,3642597
Rv3262,3642600
Rv3262,3642603
Rv3262,3642606
Rv3262,3642609
Rv3262,3642614
Rv3262,3642615
Rv3262,3642618
Rv3262,3642621
Rv3262,3642624
Rv3262,3642627
Rv3262,3642630
Rv3262,3642633
Rv3262,3642636
Rv3262,3642639
Rv3262,3642642
Rv3262,3642645
Rv3262,3642648
Rv3262,3642654
Rv3262,3642657
Rv3262,3642660
Rv3262,3642663
Rv3262,3642666
Rv3262,3642669
Rv3262,3642672
Rv3262,3642675
Rv3262,3642678
Rv3262,3642681
Rv3262,3642685
Rv3262,3642687
Rv3262,3642690
Rv3262,3642693
Rv3262,3642696
Rv3262,3642699
Rv3262,3642702
Rv3262,3642705
Rv3262,3642708
Rv3262,3642711
Rv3262,3642714
Rv3262,3642717
Rv3262,3642722
Rv3262,3642724
Rv3262,3642725
Rv3262,3642726
Rv3262,3642729
Rv3262,3642733
Rv3262,3642735
Rv3262,3642738
Rv3262,3642744
Rv3262,3642747
Rv3262,3642750
Rv3262,3642753
Rv3262,3642756
Rv3262,3642759
Rv3262,3642762
Rv3262,3642765
Rv3262,3642768
Rv3262,3642771
Rv3262,3642774
Rv3262,3642777
Rv3262,3642780
Rv3262,3642783
Rv3262,3642787
Rv3262,3642788
Rv3262,3642789
Rv3262,3642792
Rv3262,3642796
Rv3262,3642798
Rv3262,3642801
Rv3262,3642804
Rv3262,3642807
Rv3262,3642810
Rv3262,3642813
Rv3262,3642818
Rv3262,3642819
Rv3262,3642822
Rv3262,3642825
Rv3262,3642828
Rv3262,3642834
Rv3262,3642838
Rv3262,3642840
Rv3262,3642843
Rv3262,3642846
Rv3262,3642849
Rv3262,3642852
Rv3262,3642855
Rv3262,3642858
Rv3262,3642861
Rv3262,3642865
Rv3262,3642867
Rv3262,3642870
Rv3262,3642873
Rv3262,3642876
Rv3262,3642880
Rv3547,3986844
Rv3547,3986845
Rv3547,3986847
Rv3547,3986850
Rv3547,3986854
Rv3547,3986856
Rv3547,3986859
Rv3547,3986862
Rv3547,3986868
Rv3547,3986871
Rv3547,3986875
Rv3547,3986877
Rv3547,3986880
Rv3547,3986883
Rv3547,3986886
Rv3547,3986895
Rv3547,3986898
Rv3547,3986902
Rv3547,3986903
Rv3547,3986904
Rv3547,3986908
Rv3547,3986910
Rv3547,3986913
Rv3547,3986916
Rv3547,3986919
Rv3547,3986923
Rv3547,3986924
Rv3547,3986925
Rv3547,3986930
Rv3547,3986931
Rv3547,3986934
Rv3547,3986937
Rv3547,3986940
Rv3547,3986943
Rv3547,3986946
Rv3547,3986949
Rv3547,3986952
Rv3547,3986955
Rv3547,3986958
Rv3547,3986961
Rv3547,3986967
Rv3547,3986970
Rv3547,3986973
Rv3547,3986976
Rv3547,3986979
Rv3547,3986982
Rv3547,3986985
Rv3547,3986988
Rv3547,3986989
Rv3547,3986991
Rv3547,3986994
Rv3547,3986997
Rv3547,3987000
Rv3547,3987003
Rv3547,3987006
Rv3547,3987009
Rv3547,3987012
Rv3547,3987015
Rv3547,3987018
Rv3547,3987021
Rv3547,3987024
Rv3547,3987027
Rv3547,3987030
Rv3547,3987033
Rv3547,3987038
Rv3547,3987042
Rv3547,3987045
Rv3547,3987048
Rv3547,3987051
Rv3547,3987054
Rv3547,3987057
Rv3547,3987060
Rv3547,3987063
Rv3547,3987066
Rv3547,3987069
Rv3547,3987072
Rv3547,3987078
Rv3547,3987081
Rv3547,3987084
Rv3547,3987087
Rv3547,3987090
Rv3547,3987093
Rv3547,3987096
Rv3547,3987099
Rv3547,3987102
Rv3547,3987106
Rv3547,3987107
Rv3547,3987110
Rv3547,3987111
Rv3547,3987114
Rv3547,3987117
Rv3547,3987120
Rv3547,3987123
Rv3547,3987126
Rv3547,3987129
Rv3547,3987132
Rv3547,3987135
Rv3547,3987138
Rv3547,3987141
Rv3547,3987144
Rv3547,3987147
Rv3547,3987150
Rv3547,3987153
Rv3547,3987156
Rv3547,3987159
Rv3547,3987162
Rv3547,3987165
Rv3547,3987168
Rv3547,3987171
Rv3547,3987174
Rv3547,3987177
Rv3547,3987180
Rv3547,3987183
Rv3547,3987186
Rv3547,3987189
Rv3547,3987192
Rv3547,3987195
Rv3547,3987198
Rv3547,3987201
Rv3547,3987204
Rv3547,3987209
Rv3547,3987211
Rv3547,3987212
Rv3547,3987213
Rv3547,3987216
Rv3547,3987220
Rv3547,3987222
Rv3547,3987225
Rv3547,3987228
Rv3547,3987233
Rv3547,3987234
Rv3547,3987237
Rv3547,3987242
Rv3547,3987243
Rv3547,3987246
Rv3547,3987251
Rv3547,3987252
Rv3547,3987259
Rv3547,3987260
Rv3547,3987261
Rv3547,3987264
Rv3547,3987267
Rv3547,3987270
Rv3547,3987273
Rv3547,3987276
Rv3547,3987279
Rv3547,3987282
Rv3547,3987285
Rv3547,3987290
Rv3547,3987291
Rv3547,3987294
Rv3795,4247429
Rv3795,4247431
Rv3795,4247468
Rv3795,4247469
Rv3795,4247495
Rv3795,4247574
Rv3795,4247729
Rv3795,4247730
Rv3795,4248002
Rv3795,4248003
Rv3854c,4326007
Rv3854c,4326010
Rv3854c,4326013
Rv3854c,4326016
Rv3854c,4326019
Rv3854c,4326022
Rv3854c,4326025
Rv3854c,4326028
Rv3854c,4326030
Rv3854c,4326031
Rv3854c,4326037
Rv3854c,4326040
Rv3854c,4326043
Rv3854c,4326046
Rv3854c,4326048
Rv3854c,4326049
Rv3854c,4326052
Rv3854c,4326055
Rv3854c,4326058
Rv3854c,4326060
Rv3854c,4326061
Rv3854c,4326064
Rv3854c,4326067
Rv3854c,4326070
Rv3854c,4326073
Rv3854c,4326076
Rv3854c,4326079
Rv3854c,4326082
Rv3854c,4326085
Rv3854c,4326088
Rv3854c,4326091
Rv3854c,4326094
Rv3854c,4326097
Rv3854c,4326099
Rv3854c,4326100
Rv3854c,4326103
Rv3854c,4326106
Rv3854c,4326109
Rv3854c,4326110
Rv3854c,4326112
Rv3854c,4326115
Rv3854c,4326118
Rv3854c,4326122
Rv3854c,4326124
Rv3854c,4326127
Rv3854c,4326129
Rv3854c,4326130
Rv3854c,4326132
Rv3854c,4326133
Rv3854c,4326136
Rv3854c,4326139
Rv3854c,4326141
Rv3854c,4326142
Rv3854c,4326145
Rv3854c,4326149
Rv3854c,4326151
Rv3854c,4326154
Rv3854c,4326157
Rv3854c,4326160
Rv3854c,4326163
Rv3854c,4326166
Rv3854c,4326169
Rv3854c,4326175
Rv3854c,4326177
Rv3854c,4326178
Rv3854c,4326184
Rv3854c,4326187
Rv3854c,4326190
Rv3854c,4326192
Rv3854c,4326193
Rv3854c,4326194
Rv3854c,4326195
Rv3854c,4326196
Rv3854c,4326199
Rv3854c,4326203
Rv3854c,4326205
Rv3854c,4326208
Rv3854c,4326211
Rv3854c,4326212
Rv3854c,4326213
Rv3854c,4326214
Rv3854c,4326216
Rv3854c,4326217
Rv3854c,4326220
Rv3854c,4326223
Rv3854c,4326226
Rv3854c,4326229
Rv3854c,4326235
Rv3854c,4326238
Rv3854c,4326241
Rv3854c,4326244
Rv3854c,4326247
Rv3854c,4326250
Rv3854c,4326253
Rv3854c,4326257
Rv3854c,4326260
Rv3854c,4326262
Rv3854c,4326265
Rv3854c,4326266
Rv3854c,4326268
Rv3854c,4326274
Rv3854c,4326276
Rv3854c,4326277
Rv3854c,4326278
Rv3854c,4326280
Rv3854c,4326283
Rv3854c,4326286
Rv3854c,4326289
Rv3854c,4326292
Rv3854c,4326294
Rv3854c,4326295
Rv3854c,4326298
Rv3854c,4326301
Rv3854c,4326302
Rv3854c,4326304
Rv3854c,4326305
Rv3854c,4326307
Rv3854c,4326310
Rv3854c,4326313
Rv3854c,4326316
Rv3854c,4326319
Rv3854c,4326322
Rv3854c,4326325
Rv3854c,4326328
Rv3854c,4326331
Rv3854c,4326334
Rv3854c,4326337
Rv3854c,4326339
Rv3854c,4326340
Rv3854c,4326343
Rv3854c,4326346
Rv3854c,4326352
Rv3854c,4326355
Rv3854c,4326358
Rv3854c,4326361
Rv3854c,4326364
Rv3854c,4326366
Rv3854c,4326367
Rv3854c,4326370
Rv3854c,4326373
Rv3854c,4326376
Rv3854c,4326379
Rv3854c,4326382
Rv3854c,4326385
Rv3854c,4326388
Rv3854c,4326391
Rv3854c,4326394
Rv3854c,4326395
Rv3854c,4326396
Rv3854c,4326397
Rv3854c,4326398
Rv3854c,4326399
Rv3854c,4326400
Rv3854c,4326402
Rv3854c,4326403
Rv3854c,4326406
Rv3854c,4326409
Rv3854c,4326412
Rv3854c,4326415
Rv3854c,4326418
Rv3854c,4326421
Rv3854c,4326424
Rv3854c,4326430
Rv3854c,4326433
Rv3854c,4326435
Rv3854c,4326436
Rv3854c,4326439
Rv3854c,4326443
Rv3854c,4326445
Rv3854c,4326448
Rv3854c,4326451
Rv3854c,4326452
Rv3854c,4326454
Rv3854c,4326457
Rv3854c,4326460
Rv3854c,4326463
Rv3854c,4326466
Rv3854c,4326469
Rv3854c,4326472
Rv3854c,4326475
Rv3854c,4326478
Rv3854c,4326479
Rv3854c,4326480
Rv3854c,4326481
Rv3854c,4326484
Rv3854c,4326488
Rv3854c,4326490
Rv3854c,4326493
Rv3854c,4326496
Rv3854c,4326499
Rv3854c,4326502
Rv3854c,4326504
Rv3854c,4326505
Rv3854c,4326508
Rv3854c,4326511
Rv3854c,4326517
Rv3854c,4326520
Rv3854c,4326522
Rv3854c,4326523
Rv3854c,4326526
Rv3854c,4326529
Rv3854c,4326532
Rv3854c,4326535
Rv3854c,4326538
Rv3854c,4326541
Rv3854c,4326543
Rv3854c,4326544
Rv3854c,4326547
Rv3854c,4326549
Rv3854c,4326550
Rv3854c,4326553
Rv3854c,4326556
Rv3854c,4326559
Rv3854c,4326562
Rv3854c,4326565
Rv3854c,4326571
Rv3854c,4326574
Rv3854c,4326577
Rv3854c,4326580
Rv3854c,4326583
Rv3854c,4326586
Rv3854c,4326590
Rv3854c,4326592
Rv3854c,4326595
Rv3854c,4326596
Rv3854c,4326598
Rv3854c,4326599
Rv3854c,4326600
Rv3854c,4326601
Rv3854c,4326603
Rv3854c,4326604
Rv3854c,4326607
Rv3854c,4326608
Rv3854c,4326610
Rv3854c,4326613
Rv3854c,4326616
Rv3854c,4326619
Rv3854c,4326622
Rv3854c,4326625
Rv3854c,4326631
Rv3854c,4326634
Rv3854c,4326636
Rv3854c,4326637
Rv3854c,4326638
Rv3854c,4326639
Rv3854c,4326640
Rv3854c,4326643
Rv3854c,4326646
Rv3854c,4326649
Rv3854c,4326652
Rv3854c,4326654
Rv3854c,4326655
Rv3854c,4326658
Rv3854c,4326661
Rv3854c,4326663
Rv3854c,4326664
Rv3854c,4326667
Rv3854c,4326669
Rv3854c,4326670
Rv3854c,4326673
Rv3854c,4326676
Rv3854c,4326679
Rv3854c,4326685
Rv3854c,4326688
Rv3854c,4326690
Rv3854c,4326691
Rv3854c,4326694
Rv3854c,4326697
Rv3854c,4326700
Rv3854c,4326703
Rv3854c,4326706
Rv3854c,4326707
Rv3854c,4326709
Rv3854c,4326711
Rv3854c,4326712
Rv3854c,4326714
Rv3854c,4326715
Rv3854c,4326718
Rv3854c,4326721
Rv3854c,4326724
Rv3854c,4326727
Rv3854c,4326730
Rv3854c,4326733
Rv3854c,4326736
Rv3854c,4326738
Rv3854c,4326739
Rv3854c,4326742
Rv3854c,4326745
Rv3854c,4326748
Rv3854c,4326751
Rv3854c,4326753
Rv3854c,4326754
Rv3854c,4326755
Rv3854c,4326757
Rv3854c,4326760
Rv3854c,4326763
Rv3854c,4326766
Rv3854c,4326769
Rv3854c,4326772
Rv3854c,4326775
Rv3854c,4326778
Rv3854c,4326781
Rv3854c,4326783
Rv3854c,4326784
Rv3854c,4326787
Rv3854c,4326790
Rv3854c,4326791
Rv3854c,4326793
Rv3854c,4326796
Rv3854c,4326799
Rv3854c,4326802
Rv3854c,4326804
Rv3854c,4326805
Rv3854c,4326807
Rv3854c,4326808
Rv3854c,4326811
Rv3854c,4326814
Rv3854c,4326817
Rv3854c,4326820
Rv3854c,4326823
Rv3854c,4326826
Rv3854c,4326829
Rv3854c,4326831
Rv3854c,4326833
Rv3854c,4326835
Rv3854c,4326838
Rv3854c,4326841
Rv3854c,4326844
Rv3854c,4326847
Rv3854c,4326850
Rv3854c,4326851
Rv3854c,4326853
Rv3854c,4326855
Rv3854c,4326856
Rv3854c,4326858
Rv3854c,4326859
Rv3854c,4326862
Rv3854c,4326865
Rv3854c,4326868
Rv3854c,4326869
Rv3854c,4326871
Rv3854c,4326874
Rv3854c,4326876
Rv3854c,4326877
Rv3854c,4326880
Rv3854c,4326883
Rv3854c,4326884
Rv3854c,4326886
Rv3854c,4326889
Rv3854c,4326892
Rv3854c,4326895
Rv3854c,4326898
Rv3854c,4326901
Rv3854c,4326904
Rv3854c,4326907
Rv3854c,4326910
Rv3854c,4326913
Rv3854c,4326916
Rv3854c,4326919
Rv3854c,4326922
Rv3854c,4326925
Rv3854c,4326928
Rv3854c,4326931
Rv3854c,4326934
Rv3854c,4326937
Rv3854c,4326940
Rv3854c,4326943
Rv3854c,4326946
Rv3854c,4326948
Rv3854c,4326949
Rv3854c,4326952
Rv3854c,4326955
Rv3854c,4326958
Rv3854c,4326961
Rv3854c,4326964
Rv3854c,4326967
Rv3854c,4326969
Rv3854c,4326970
Rv3854c,4326973
Rv3854c,4326974
Rv3854c,4326976
Rv3854c,4326979
Rv3854c,4326981
Rv3854c,4326982
Rv3854c,4326985
Rv3854c,4326988
Rv3854c,4326991
Rv3854c,4326994
Rv3854c,4326997
Rv3854c,4327000
Rv3854c,4327006
Rv3854c,4327009
Rv3854c,4327011
Rv3854c,4327013
Rv3854c,4327015
Rv3854c,4327018
Rv3854c,4327024
Rv3854c,4327026
Rv3854c,4327027
Rv3854c,4327031
Rv3854c,4327033
Rv3854c,4327036
Rv3854c,4327039
Rv3854c,4327041
Rv3854c,4327042
Rv3854c,4327045
Rv3854c,4327048
Rv3854c,4327051
Rv3854c,4327054
Rv3854c,4327057
Rv3854c,4327060
Rv3854c,4327063
Rv3854c,4327066
Rv3854c,4327072
Rv3854c,4327078
Rv3854c,4327079
Rv3854c,4327080
Rv3854c,4327081
Rv3854c,4327084
Rv3854c,4327087
Rv3854c,4327090
Rv3854c,4327093
Rv3854c,4327096
Rv3854c,4327099
Rv3854c,4327102
Rv3854c,4327105
Rv3854c,4327108
Rv3854c,4327111
Rv3854c,4327112
Rv3854c,4327113
Rv3854c,4327114
Rv3854c,4327117
Rv3854c,4327120
Rv3854c,4327123
Rv3854c,4327126
Rv3854c,4327127
Rv3854c,4327129
Rv3854c,4327132
Rv3854c,4327135
Rv3854c,4327137
Rv3854c,4327138
Rv3854c,4327141
Rv3854c,4327145
Rv3854c,4327147
Rv3854c,4327148
Rv3854c,4327150
Rv3854c,4327153
Rv3854c,4327156
Rv3854c,4327159
Rv3854c,4327162
Rv3854c,4327165
Rv3854c,4327167
Rv3854c,4327168
Rv3854c,4327171
Rv3854c,4327177
Rv3854c,4327180
Rv3854c,4327183
Rv3854c,4327186
Rv3854c,4327189
Rv3854c,4327192
Rv3854c,4327195
Rv3854c,4327197
Rv3854c,4327198
Rv3854c,4327201
Rv3854c,4327204
Rv3854c,4327207
Rv3854c,4327210
Rv3854c,4327211
Rv3854c,4327213
Rv3854c,4327216
Rv3854c,4327218
Rv3854c,4327219
Rv3854c,4327222
Rv3854c,4327225
Rv3854c,4327227
Rv3854c,4327228
Rv3854c,4327231
Rv3854c,4327234
Rv3854c,4327237
Rv3854c,4327239
Rv3854c,4327240
Rv3854c,4327243
Rv3854c,4327246
Rv3854c,4327249
Rv3854c,4327252
Rv3854c,4327255
Rv3854c,4327257
Rv3854c,4327258
Rv3854c,4327261
Rv3854c,4327263
Rv3854c,4327264
Rv3854c,4327267
Rv3854c,4327268
Rv3854c,4327270
Rv3854c,4327273
Rv3854c,4327279
Rv3854c,4327280
Rv3854c,4327281
Rv3854c,4327285
Rv3854c,4327288
Rv3854c,4327291
Rv3854c,4327294
Rv3854c,4327297
Rv3854c,4327300
Rv3854c,4327303
Rv3854c,4327304
Rv3854c,4327306
Rv3854c,4327312
Rv3854c,4327315
Rv3854c,4327318
Rv3854c,4327320
Rv3854c,4327321
Rv3854c,4327324
Rv3854c,4327327
Rv3854c,4327334
Rv3854c,4327336
Rv3854c,4327339
Rv3854c,4327340
Rv3854c,4327342
Rv3854c,4327345
Rv3854c,4327348
Rv3854c,4327351
Rv3854c,4327357
Rv3854c,4327359
Rv3854c,4327360
Rv3854c,4327363
Rv3854c,4327365
Rv3854c,4327366
Rv3854c,4327368
Rv3854c,4327369
Rv3854c,4327370
Rv3854c,4327372
Rv3854c,4327375
Rv3854c,4327378
Rv3854c,4327381
Rv3854c,4327384
Rv3854c,4327386
Rv3854c,4327387
Rv3854c,4327390
Rv3854c,4327393
Rv3854c,4327396
Rv3854c,4327399
Rv3854c,4327402
Rv3854c,4327404
Rv3854c,4327405
Rv3854c,4327408
Rv3854c,4327411
Rv3854c,4327412
Rv3854c,4327414
Rv3854c,4327417
Rv3854c,4327420
Rv3854c,4327423
Rv3854c,4327426
Rv3854c,4327432
Rv3854c,4327435
Rv3854c,4327437
Rv3854c,4327438
Rv3854c,4327441
Rv3854c,4327444
Rv3854c,4327447
Rv3854c,4327450
Rv3854c,4327453
Rv3854c,4327456
Rv3854c,4327459
Rv3854c,4327462
Rv3854c,4327465
Rv3854c,4327467
Rv3854c,4327468
Rv3854c,4327471
Rv3854c,4327472
IG_Rv3854c_Rv3855,4327480
Rv3919c,4407529
Rv3919c,4407531
Rv3919c,4407534
Rv3919c,4407537
Rv3919c,4407540
Rv3919c,4407542
Rv3919c,4407543
Rv3919c,4407546
Rv3919c,4407549
Rv3919c,4407552
Rv3919c,4407555
Rv3919c,4407559
Rv3919c,4407561
Rv3919c,4407564
Rv3919c,4407565
Rv3919c,4407566
Rv3919c,4407567
Rv3919c,4407570
Rv3919c,4407573
Rv3919c,4407575
Rv3919c,4407576
Rv3919c,4407578
Rv3919c,4407579
Rv3919c,4407581
Rv3919c,4407582
Rv3919c,4407585
Rv3919c,4407586
Rv3919c,4407587
Rv3919c,4407588
Rv3919c,4407594
Rv3919c,4407597
Rv3919c,4407600
Rv3919c,4407603
Rv3919c,4407604
Rv3919c,4407606
Rv3919c,4407609
Rv3919c,4407612
Rv3919c,4407616
Rv3919c,4407618
Rv3919c,4407621
Rv3919c,4407624
Rv3919c,4407627
Rv3919c,4407630
Rv3919c,4407633
Rv3919c,4407636
Rv3919c,4407639
Rv3919c,4407642
Rv3919c,4407645
Rv3919c,4407648
Rv3919c,4407651
Rv3919c,4407654
Rv3919c,4407657
Rv3919c,4407660
Rv3919c,4407661
Rv3919c,4407663
Rv3919c,4407666
Rv3919c,4407669
Rv3919c,4407672
Rv3919c,4407675
Rv3919c,4407678
Rv3919c,4407681
Rv3919c,4407684
Rv3919c,4407686
Rv3919c,4407687
Rv3919c,4407690
Rv3919c,4407693
Rv3919c,4407694
Rv3919c,4407695
Rv3919c,4407696
Rv3919c,4407699
Rv3919c,4407702
Rv3919c,4407705
Rv3919c,4407708
Rv3919c,4407710
Rv3919c,4407711
Rv3919c,4407714
Rv3919c,4407715
Rv3919c,4407716
Rv3919c,4407717
Rv3919c,4407720
Rv3919c,4407723
Rv3919c,4407726
Rv3919c,4407729
Rv3919c,4407730
Rv3919c,4407731
Rv3919c,4407732
Rv3919c,4407735
Rv3919c,4407738
Rv3919c,4407741
Rv3919c,4407744
Rv3919c,4407748
Rv3919c,4407750
Rv3919c,4407753
Rv3919c,4407756
Rv3919c,4407759
Rv3919c,4407760
Rv3919c,4407762
Rv3919c,4407764
Rv3919c,4407765
Rv3919c,4407769
Rv3919c,4407771
Rv3919c,4407773
Rv3919c,4407774
Rv3919c,4407778
Rv3919c,4407780
Rv3919c,4407783
Rv3919c,4407786
Rv3919c,4407789
Rv3919c,4407792
Rv3919c,4407795
Rv3919c,4407796
Rv3919c,4407798
Rv3919c,4407801
Rv3919c,4407802
Rv3919c,4407804
Rv3919c,4407807
Rv3919c,4407810
Rv3919c,4407813
Rv3919c,4407816
Rv3919c,4407820
Rv3919c,4407822
Rv3919c,4407823
Rv3919c,4407824
Rv3919c,4407825
Rv3919c,4407828
Rv3919c,4407830
Rv3919c,4407831
Rv3919c,4407834
Rv3919c,4407835
Rv3919c,4407840
Rv3919c,4407842
Rv3919c,4407843
Rv3919c,4407845
Rv3919c,4407846
Rv3919c,4407849
Rv3919c,4407852
Rv3919c,4407855
Rv3919c,4407858
Rv3919c,4407861
Rv3919c,4407864
Rv3919c,4407866
Rv3919c,4407867
Rv3919c,4407870
Rv3919c,4407873
Rv3919c,4407876
Rv3919c,4407879
Rv3919c,4407882
Rv3919c,4407885
Rv3919c,4407888
Rv3919c,4407889
Rv3919c,4407891
Rv3919c,4407894
Rv3919c,4407896
Rv3919c,4407897
Rv3919c,4407898
Rv3919c,4407899
Rv3919c,4407900
Rv3919c,4407906
Rv3919c,4407908
Rv3919c,4407909
Rv3919c,4407912
Rv3919c,4407915
Rv3919c,4407918
Rv3919c,4407921
Rv3919c,4407924
Rv3919c,4407927
Rv3919c,4407928
Rv3919c,4407929
Rv3919c,4407930
Rv3919c,4407933
Rv3919c,4407936
Rv3919c,4407939
Rv3919c,4407942
Rv3919c,4407944
Rv3919c,4407945
Rv3919c,4407948
Rv3919c,4407951
Rv3919c,4407952
Rv3919c,4407954
Rv3919c,4407957
Rv3919c,4407960
Rv3919c,4407963
Rv3919c,4407966
Rv3919c,4407967
Rv3919c,4407969
Rv3919c,4407972
Rv3919c,4407975
Rv3919c,4407978
Rv3919c,4407981
Rv3919c,4407982
Rv3919c,4407984
Rv3919c,4407985
Rv3919c,4407987
Rv3919c,4407990
Rv3919c,4407991
Rv3919c,4407992
Rv3919c,4407993
Rv3919c,4407994
Rv3919c,4407996
Rv3919c,4407999
Rv3919c,4408002
Rv3919c,4408004
Rv3919c,4408005
Rv3919c,4408008
Rv3919c,4408011
Rv3919c,4408014
Rv3919c,4408017
Rv3919c,4408020
Rv3919c,4408023
Rv3919c,4408024
Rv3919c,4408025
Rv3919c,4408026
Rv3919c,4408029
Rv3919c,4408032
Rv3919c,4408034
Rv3919c,4408035
Rv3919c,4408038
Rv3919c,4408041
Rv3919c,4408044
Rv3919c,4408047
Rv3919c,4408050
Rv3919c,4408053
Rv3919c,4408056
Rv3919c,4408059
Rv3919c,4408062
Rv3919c,4408065
Rv3919c,4408068
Rv3919c,4408069
Rv3919c,4408071
Rv3919c,4408074
Rv3919c,4408077
Rv3919c,4408080
Rv3919c,4408083
Rv3919c,4408084
Rv3919c,4408085
Rv3919c,4408086
Rv3919c,4408089
Rv3919c,4408092
Rv3919c,4408093
Rv3919c,4408094
Rv3919c,4408095
Rv3919c,4408098
Rv3919c,4408101
Rv3919c,4408104
Rv3919c,4408107
Rv3919c,4408109
Rv3919c,4408110
Rv3919c,4408113
Rv3919c,4408116
Rv3919c,4408119
Rv3919c,4408120
Rv3919c,4408121
Rv3919c,4408122
Rv3919c,4408125
Rv3919c,4408126
Rv3919c,4408128
Rv3919c,4408131
Rv3919c,4408133
Rv3919c,4408134
Rv3919c,4408137
Rv3919c,4408140
Rv3919c,4408143
Rv3919c,4408146
Rv3919c,4408149
Rv3919c,4408152
Rv3919c,4408155
Rv3919c,4408158
Rv3919c,4408161
Rv3919c,4408164
Rv3919c,4408165
Rv3919c,4408166
Rv3919c,4408170
Rv3919c,4408173
Rv3919c,4408179
Rv3919c,4408182
Rv3919c,4408185
Rv3919c,4408188
Rv3919c,4408190
Rv3919c,4408191
Rv3919c,4408194
Rv3919c,4408200
Rv3919c,4408201
